Tool Name,Official Website,Free plan details,Per-user pricing (Monthly),Per-user pricing (Annual),Team/Business plan costs,Custom fonts support (Y/N),Brand customization options,AI text generation,AI image generation,"Export options (PowerPoint, PDF, etc.)",Pros - Main advantages reported,Pros - What users like most,Pros - Ease of use feedback,Cons - Limitations mentioned,Cons - Feature gaps,Cons - Features claimed on website,Cons - Export/compatibility issues,Quality - Template variety,Quality - Customization limitations,Quality - Value for money,Notes,Source URL,Last verified
Beautiful.ai,https://www.beautiful.ai,Free trial (often 14 days); core use requires paid plan,$45 (Pro monthly),"$12 Pro; ~$40 Team (per user, billed annually) (=$144/yr)",$40+/user/mo (annual); volume discounts,Yes,"Custom themes, brand kits (colors, fonts, logos), team asset control",Yes,Yes,"PPTX, PDF, JPEG, Offline player",Fast on-brand slides; smart templates; strong collaboration,Ease of use; quick pro-looking decks; brand consistency,Low learning curve; speeds up creation,Limited fine-grained control; import fidelity issues,Less pixel-perfect editing; template repetition,Some advanced features locked to higher tiers,PPTX imports/exports may require adjustments,"Many smart slides, but designs can feel similar",Restricted granular edits vs PPT/Keynote,Good for speed/brand; mixed views on pricing,,https://www.beautiful.ai/pricing,2025-10-30
Gamma,https://gamma.app,Free tier with limited credits; branding watermark on free,Plus: $8/seat/mo; Pro: $18/seat/mo,"$8 Plus; $15 Pro (per seat, billed annually)",Pro seats; enterprise custom,Yes,"Custom themes, colors, logos; theme reuse across docs/sites",Yes,Yes,"PPTX, PDF, PNG","Very fast draft creation; modern, clean results",Intuitive wizard; collaboration; engagement analytics,Minimal learning curve,Customization constraints; repetitive layouts,Advanced data viz limited; offline editing unavailable,Some premium AI/exports gated by paid tiers,Occasional formatting tweaks needed post-export,Clean templates; can feel repetitive over time,Preset font sizes/styles limit fine control,High for speed; credit system limits free use,,https://gamma.app/pricing,2025-10-30
Presentations.ai,https://www.presentations.ai,Starter $0 with limited AI/credits; no downloads on free,,$198 Pro (1 user)/yr; Public Beta $40/yr (up to 10 members),Enterprise custom,Yes,Brand Sync (auto colors/fonts/logo); theme personalization,Yes,Limited/Not primary,"PPTX, PDF, live links",Very easy to use; fast from prompt to deck,Good initial layouts; brand alignment assist,Quick for non-designers,Restricted customization; repetitive outputs,No manual layout editing; limited originality,Advanced features and downloads require paid,Formatting inconsistencies reported on export,Clean templates; breadth is moderate,Manual layout control lacking,Mixed—free too limited; Pro ok for speed-focused use,,https://www.presentations.ai/pricing,2025-10-30
Decktopus,https://www.decktopus.com,Free tier exists; paid unlocks exports/branding,$14.99 Pro; $34.99 Business,Pro $179.99/yr; Business $419.99/yr,$34.99/user/mo (Business); Enterprise custom,Yes,"Logos, colors; Light Branding; team brand setup",Yes,Yes,"PPTX, PDF; web share/embed",Fast templated decks; interactive elements; collaboration,Ease and speed; modern templates,Beginner-friendly,Limited deep customization; generic AI content,Stock images limited; offline editing absent,Some branding/custom fonts behind higher tiers,PPT export may need fixes; formatting can shift,Solid variety; risks “samey” feel over time,Grid/locked layouts constrain unique designs,Good for speed; heavy use may raise costs (credits),,https://www.decktopus.com/pricing,2025-10-30
Slidebean,https://www.slidebean.com,Free/limited trials; core features on paid tiers,Varies; example plan $42/mo billed yearly,$42/mo billed yearly (example),Team/agency services priced separately,Yes,"Custom themes, logo, brand colors/fonts",Yes (AI pitch deck generator),No,"PPTX (editable), PDF, HTML",Professional pitch templates; separates content/design,Polished look; startup-focused resources,Streamlined creation; real-time collaboration,Customization constraints within templates,Bugs/stability issues reported by some users,Some advanced features in higher tiers,Fonts may substitute on PPT export,Strong for startup decks; moderate breadth,Hard to achieve fully unique visuals,Mixed—good for frequent pitch work; pricey for light use,,https://slidebean.com/pricing,2025-10-30
Canva Magic Design,https://www.canva.com,Free plan with limited AI generations; Pro/Teams unlock more,Pro ~$14.99; Teams varies by seat count,Pro ~$119.99/user/yr; Teams ~$100–$150/user/yr typical,Teams tier per seat; Enterprise custom,Yes,"Brand Kit: fonts, colors, logos, brand controls, locked templates",Yes (Magic Write),Yes,"PPTX, PDF, JPG, PNG, GIF, SVG, MP4",Very easy; vast templates; fast AI-assisted starts,Value; breadth; one-click brand application,Extremely accessible for non-designers,AI output can be generic; advanced control limited,Some features behind Pro/Teams; prompt quality sensitive,Exports/features vary by plan; limits on generations,Occasional formatting differences vs PPT,Very large library across categories,Deep/custom graphics require extra work,"Strong; Free usable, Pro widely praised",,https://www.canva.com/en/pricing/,2025-10-30
Plus AI,https://plusai.com,7-day free trial (card required); then paid,$15 Pro; $25 Team,"$10 Pro; $20 Team (per user, billed annually)",Team/Enterprise branding & templates,No,"Brand colors, Google Fonts selection, logo, custom templates (Team/Enterprise)",Yes,No,"PPTX, PDF via Google Slides export",High-quality AI content; native Slides integration,Template variety; branding workflow; time savings,Feels native to Slides; easy to adopt,Price sensitivity; strict trial; support complaints,No AI image gen; deep customization relies on Slides editor,Some branding/templates gated to Team/Enterprise,Standard Slides export paths only,100+ templates; many layouts,Bound by Slides theming; no custom fonts,Mixed—time saved vs subscription cost,,https://plusai.com/pricing,2025-10-30
Upmetrics,https://upmetrics.co,15-day money-back guarantee; no classic free plan,$7 Starter; $14 Premium; $37 Professional (annual billing equiv.),$84 Starter; $168 Premium; $444 Professional,Usage-based tiers; nonprofit/impact pricing variants,No,"Logo, colors, basic typography; simple template",Yes (writing assistant),No,"PDF, JPEG; PPT/PPTX limited",Very fast pitch deck from business plan; substantive slides,Guided investor slide structure; integrated with plan/financials,Quick to produce investor-ready draft,Basic visuals; minimal theme variety; not for elaborate designs,No AI image gen; limited template choices,"Focus on content, not advanced visuals",Best as PDF/JPEG; PPT editing limited,Single clean template covering key investor slides,Basic styling only; no advanced layout control,High for founders prioritizing substance & speed,,https://upmetrics.co/pricing,2025-10-30
Presentations (Formerly Visme),https://www.visme.co,Basic (Free): limited projects/storage; fewer templates/assets,Starter: US$12.25; Pro: US$24.75,Starter: US$147/yr; Pro: US$297/yr,Enterprise: custom pricing (from 10 users),Yes,"Brand Kit, analytics, custom sub-domain (Pro/Enterprise)",No,No,"JPG, PNG, PDF (Basic/Starter); PPTX, HTML5, Video, GIF (Pro/Enterprise)",Highly customizable templates; collaboration features,Ease of use; drag-and-drop; many templates,Intuitive for non-designers; quick to start,Lower-tier limits on assets/features; storage constraints,Privacy/analytics limited on lower plans,Premium assets/exports gated behind paid tiers,PPTX export in higher tiers only,Extensive variety; some templates restricted to paid plans,Lower tiers have limited brand customization options,High value on Pro/Enterprise; mixed on lower tiers,,https://www.visme.co/pricing/,2025-10-30
Slidebot.ai / Slidesai.io,https://www.slidesai.io,"Basic (Free): €0; 12 presentations/year; 2,500 chars per presentation; 120 AI credits/year",€7.15 (Pro); €14.30 (Premium),€60.07 (Pro); €85.82 (Premium),,No,Uses Google Slides themes (colors/fonts); no native brand kit,Yes,No,"PPTX, PDF (via Google Slides export)",Fast slide creation in Google Slides; significant time savings,Native Slides integration; easy editing in familiar workflow,Very easy to get started; minimal learning curve,Generic outputs; requires manual polishing for brand/quality,No custom font uploads; limited deep customization,Focus on AI content generation inside Slides,Occasional formatting tweaks needed in PowerPoint,Moderate; relies on Slides themes/layouts,Bound by Slides theming; no custom fonts,Strong free tier; paid value depends on usage,,https://www.slidesai.io/pricing,2025-10-30
