Address,Street,City,Postal Code,Country
"3880 King Street, M4E 2S8 Toronto, ON",3880 King Street,Toronto,M4E 2S8,Canada
"4794 Cedar Boulevard, Philadelphia 19106, USA",4794 Cedar Boulevard,Philadelphia,19106,USA
"1930 Yonge Street, Calgary, AB, T2P 2M5, Canada",1930 Yonge Street,Calgary,T2P 2M5,Canada
"2941 Bay Street, M6G 1C4 Toronto, ON",2941 Bay Street,Toronto,M6G 1C4,Canada
"Elm Street 3096, Phoenix, AZ 85012",Elm Street 3096,Phoenix,85012,USA
2285 Maple Avenue Vancouver BC V7Y 1G5 Canada,2285 Maple Avenue,Vancouver,V7Y 1G5,Canada
"6280 King Street, Calgary AB T1Y 6B4",6280 King Street,Calgary,T1Y 6B4,Canada
"472 Green Lane, London, UK, SE1 7PB",472 Green Lane,London,SE1 7PB,UK
"5242 Cedar Boulevard, Phoenix AZ 85012",5242 Cedar Boulevard,Phoenix,85012,USA
"4111 Broadway, Houston TX 77002",4111 Broadway,Houston,77002,USA
"Unit 298-3741 King Street, Calgary, AB T1Y 6B4",Unit 298-3741 King Street,Calgary,T1Y 6B4,Canada
"3642 Valley Road Apt 281, San Diego, CA 92101, USA",3642 Valley Road Apt 281,San Diego,92101,USA
"8539 Pine Street Apt 301, Dallas, TX 75205, USA",8539 Pine Street Apt 301,Dallas,75205,USA
"4993 Spring Avenue, Philadelphia, Pennsylvania 19101",4993 Spring Avenue,Philadelphia,19101,USA
"366 Queens Road, Birmingham, UK, B1 1AA",366 Queens Road,Birmingham,B1 1AA,UK
"36 George Street, Adelaide, SA, 5038, Australia",36 George Street,Adelaide,5038,Australia
"454 Bridge Street, Liverpool L1 0AA, United Kingdom",454 Bridge Street,Liverpool,L1 0AA,United Kingdom
"688 Hunter Street, Perth WA 6005, Australia",688 Hunter Street,Perth,6005,Australia
"Unit 280-3051 College Street, Vancouver, BC V7Y 1G5",Unit 280-3051 College Street,Vancouver,V7Y 1G5,Canada
"311 Collins Street, Brisbane 4101 QLD, Australia",311 Collins Street,Brisbane,4101,Australia
"255 Green Lane, Liverpool, L1 0AA, UK",255 Green Lane,Liverpool,L1 0AA,UK
"5898 Market Street, Dallas, TX, 75205, United States",5898 Market Street,Dallas,75205,United States
"4285 River Drive, Philadelphia PA 19103",4285 River Drive,Philadelphia,19103,USA
"130 Alexandra Road, Liverpool L2 2DH, United Kingdom",130 Alexandra Road,Liverpool,L2 2DH,United Kingdom
"4574 Front Street, Toronto, ON M5A 1A1, Canada",4574 Front Street,Toronto,M5A 1A1,Canada
8742 Wellington Street Toronto ON M5A 1A1 Canada,8742 Wellington Street,Toronto,M5A 1A1,Canada
"Unit 112-6674 Spadina Avenue, Vancouver, BC V7Y 1G5",Unit 112-6674 Spadina Avenue,Vancouver,V7Y 1G5,Canada
"Pitt Street 602, 2000 Sydney NSW Australia",Pitt Street 602,Sydney,2000,Australia
"51 Kings Street, Birmingham, B2 4QA, UK",51 Kings Street,Birmingham,B2 4QA,UK
"237 Bridge Street, Liverpool L8 5ST, United Kingdom",237 Bridge Street,Liverpool,L8 5ST,United Kingdom
"445 London Road, Liverpool L1 0AA, United Kingdom",445 London Road,Liverpool,L1 0AA,United Kingdom
"9061 Maple Avenue, Toronto, ON, M6G 1C4, Canada",9061 Maple Avenue,Toronto,M6G 1C4,Canada
"881 Hunter Street, Adelaide, SA, 5042, Australia",881 Hunter Street,Adelaide,5042,Australia
"8714 Richmond Street, V5K 0A1 Vancouver, BC",8714 Richmond Street,Vancouver,V5K 0A1,Canada
"146 The Avenue, Manchester M1 1AD, United Kingdom",146 The Avenue,Manchester,M1 1AD,United Kingdom
"104 King Street, 5038, Adelaide, SA",104 King Street,Adelaide,5038,Australia
"8731 Bloor Street, Vancouver, BC V5L 1A9, Canada",8731 Bloor Street,Vancouver,V5L 1A9,Canada
811 George Street Melbourne VIC 3001,811 George Street,Melbourne,3001,Australia
"2741 Bay Street, Toronto, ON, M4E 2S8, Canada",2741 Bay Street,Toronto,M4E 2S8,Canada
"University Avenue 6191, Toronto, M4B 1B3, ON, Canada",6191 University Avenue,Toronto,M4B 1B3,Canada
"6152 Market Street, New York, New York 10010",6152 Market Street,New York,10010,USA
"Lincoln Avenue 9456, Austin, TX 78705",9456 Lincoln Avenue,Austin,78705,USA
"114 Mill Lane, Manchester, M4 5JY, UK",114 Mill Lane,Manchester,M4 5JY,United Kingdom
"128 Mill Lane, W1A 0AX, London, United Kingdom",128 Mill Lane,London,W1A 0AX,United Kingdom
"Pitt Street 961, 6008 Perth WA Australia",961 Pitt Street,Perth,6008,Australia
"1410 Park Lane, San Diego CA 92101",1410 Park Lane,San Diego,92101,USA
"Flat 36, 270 Alexandra Road, Birmingham, B2 4QA","Flat 36, 270 Alexandra Road",Birmingham,B2 4QA,United Kingdom
"770 Market Street, Los Angeles, CA, 90210, United States",770 Market Street,Los Angeles,90210,United States
"Unit 94/135 William Street, Adelaide SA 5000",Unit 94/135 William Street,Adelaide,5000,Australia
"8599 Bay Street, Vancouver BC V7Y 1G5",8599 Bay Street,Vancouver,V7Y 1G5,Canada
"Maple Drive 9793, New York, NY 10003",9793 Maple Drive,New York,10003,USA
6193 King Street Toronto ON M4E 2S8 Canada,6193 King Street,Toronto,M4E 2S8,Canada
"Bay Street 3234, Montreal, H3A 0G4, QC, Canada",3234 Bay Street,Montreal,H3A 0G4,Canada
"183 Manor Road, Liverpool, L4 5SQ, UK",183 Manor Road,Liverpool,L4 5SQ,UK
"355 Queens Road, Birmingham, B4 7SL, UK",355 Queens Road,Birmingham,B4 7SL,UK
"9 The Avenue, London, SE1 7PB, UK",9 The Avenue,London,SE1 7PB,UK
"3874 Broadway, New York, NY 10010, USA",3874 Broadway,New York,10010,USA
358 Bridge Street Liverpool L4 5SQ UK,358 Bridge Street,Liverpool,L4 5SQ,UK
"208 Bridge Street, London, UK, NW1 2DB",208 Bridge Street,London,NW1 2DB,UK
"University Avenue 7743, Calgary, T2P 2M5, AB, Canada",7743 University Avenue,Calgary,T2P 2M5,Canada
"Alexandra Road 418, LS6 1QF Leeds, UK",418 Alexandra Road,Leeds,LS6 1QF,UK
"4238 Church Street, Philadelphia, Pennsylvania 19103",4238 Church Street,Philadelphia,19103,USA
"5528 Main Street, Ottawa, ON, K1A 0B1, Canada",5528 Main Street,Ottawa,K1A 0B1,Canada
"9458 Maple Avenue, Vancouver BC V7Y 1G5",9458 Maple Avenue,Vancouver,V7Y 1G5,Canada
"216 Elm Street Apt 57, Philadelphia, PA 19103, USA",216 Elm Street Apt 57,Philadelphia,19103,USA
"3085 Maple Avenue, K1R 6B1 Ottawa, ON",3085 Maple Avenue,Ottawa,K1R 6B1,Canada
"Carlton Street 7477, Montreal, H2Y 1C6, QC, Canada",7477 Carlton Street,Montreal,H2Y 1C6,Canada
"Unit 10/807 Lonsdale Street, Melbourne VIC 3004",Unit 10/807 Lonsdale Street,Melbourne,3004,Australia
"744 Queen Street, Melbourne VIC 3006, Australia",744 Queen Street,Melbourne,3006,Australia
"426 Adelaide Street, Adelaide, SA, 5038, Australia",426 Adelaide Street,Adelaide,5038,Australia
"1622 Wellington Street, Vancouver, BC, V6B 2W9, Canada",1622 Wellington Street,Vancouver,V6B 2W9,Canada
"497 Queens Road, London W1A 0AX, United Kingdom",497 Queens Road,London,W1A 0AX,United Kingdom
"5495 Pine Street, San Antonio, TX 78203, USA",5495 Pine Street,San Antonio,78203,USA
"9650 King Street, Toronto ON M6G 1C4",9650 King Street,Toronto,M6G 1C4,Canada
"396 Murray Street, Perth 6008 WA, Australia",396 Murray Street,Perth,6008,Australia
"7722 Forest Avenue, Dallas TX 75205",7722 Forest Avenue,Dallas,75205,USA
"4592 Pine Street, Chicago 60614, USA",4592 Pine Street,Chicago,60614,USA
"914 Hunter Street, Sydney, NSW, 2000, Australia",914 Hunter Street,Sydney,2000,Australia
"Unit 229-6997 Spadina Avenue, Calgary, AB T1Y 6B4",Unit 229-6997 Spadina Avenue,Calgary,T1Y 6B4,Canada
"Unit 202-2014 Bay Street, Toronto, ON M4B 1B3",Unit 202-2014 Bay Street,Toronto,M4B 1B3,Canada
"34 Station Road, LS1 1BA, Leeds, United Kingdom",34 Station Road,Leeds,LS1 1BA,United Kingdom
"Mill Lane 95, LS2 7DW Leeds, UK",95 Mill Lane,Leeds,LS2 7DW,UK
"Unit 129-3636 Queen Street, Calgary, AB T3A 0E2",Unit 129-3636 Queen Street,Calgary,T3A 0E2,Canada
"93 Station Road, London, UK, W1A 0AX",93 Station Road,London,W1A 0AX,UK
496 London Road Birmingham B1 1AA UK,496 London Road,Birmingham,B1 1AA,UK
"5128 Lincoln Avenue Apt 127, San Antonio, TX 78202, USA",5128 Lincoln Avenue Apt 127,San Antonio,78202,USA
"Wellington Street 3129, Montreal, H4A 3J2, QC, Canada",3129 Wellington Street,Montreal,H4A 3J2,Canada
"4113 Cedar Boulevard Apt 308, San Diego, CA 92102, USA",4113 Cedar Boulevard Apt 308,San Diego,92102,USA
"155 High Street, Liverpool L1 0AA, United Kingdom",155 High Street,Liverpool,L1 0AA,United Kingdom
"5167 Market Street, Dallas, TX, 75201, United States",5167 Market Street,Dallas,75201,United States
"67 George Street, Perth, WA, 6003, Australia",67 George Street,Perth,6003,Australia
5516 Yonge Street Vancouver BC V5L 1A9 Canada,5516 Yonge Street,Vancouver,V5L 1A9,Canada
"Flat 24, 275 Manor Road, Leeds, LS2 7DW","Flat 24, 275 Manor Road",Leeds,LS2 7DW,UK
"43 Albert Street, Manchester, M60 1NW, UK",43 Albert Street,Manchester,M60 1NW,UK
816 Yonge Street Calgary AB T1Y 6B4 Canada,816 Yonge Street,Calgary,T1Y 6B4,Canada
"1121 Cedar Boulevard Apt 320, Los Angeles, CA 90001, USA",1121 Cedar Boulevard Apt 320,Los Angeles,90001,USA
"428 Manor Road, Birmingham B1 1AA, United Kingdom",428 Manor Road,Birmingham,B1 1AA,United Kingdom
"203 Victoria Road, Birmingham, UK, B4 7SL",203 Victoria Road,Birmingham,B4 7SL,UK
853 Front Street Ottawa ON K2P 0A4 Canada,853 Front Street,Ottawa,K2P 0A4,Canada
"2746 King Street, Calgary, AB, T2G 0L8, Canada",2746 King Street,Calgary,T2G 0L8,Canada
"London Road 293, B3 2TA Birmingham, UK",293 London Road,Birmingham,B3 2TA,UK
"2025 Bloor Street, Toronto, ON M4E 2S8, Canada",2025 Bloor Street,Toronto,M4E 2S8,Canada
"4130 Bay Street, M5H 2N2 Toronto, ON",4130 Bay Street,Toronto,M5H 2N2,Canada
"3026 Maple Avenue, Calgary, AB T2P 2M5, Canada",3026 Maple Avenue,Calgary,T2P 2M5,Canada
"353 Maple Avenue, Calgary AB T3A 0E2",353 Maple Avenue,Calgary,T3A 0E2,Canada
"2877 College Street, Ottawa, ON, K1N 5R6, Canada",2877 College Street,Ottawa,K1N 5R6,Canada
"Murray Street 660, 5031 Adelaide SA Australia",660 Murray Street,Adelaide,5031,Australia
"214 Station Road, Birmingham, B2 4QA, UK",214 Station Road,Birmingham,B2 4QA,UK
"82 Pitt Street, Melbourne 3000 VIC, Australia",82 Pitt Street,Melbourne,3000,Australia
4464 Maple Avenue Calgary AB T2H 0K8 Canada,4464 Maple Avenue,Calgary,T2H 0K8,Canada
"9780 Lincoln Avenue Apt 374, Philadelphia, PA 19101, USA",9780 Lincoln Avenue Apt 374,Philadelphia,19101,USA
"4425 University Avenue, Ottawa, ON, K1N 5R6, Canada",4425 University Avenue,Ottawa,K1N 5R6,Canada
"8735 Main Street, Houston, TX 77001, USA",8735 Main Street,Houston,77001,USA
"3263 Park Lane Apt 484, Los Angeles, CA 90013, USA",3263 Park Lane Apt 484,Los Angeles,90013,USA
"2657 Bay Street, Ottawa, ON, K1P 5E7, Canada",2657 Bay Street,Ottawa,K1P 5E7,Canada
"Oak Avenue 5765, Philadelphia, PA 19101",5765 Oak Avenue,Philadelphia,19101,USA
"5492 Lake Road, San Antonio, Texas 78205",5492 Lake Road,San Antonio,78205,USA
"7958 Front Street, Toronto ON M5H 2N2",7958 Front Street,Toronto,M5H 2N2,Canada
"5154 Market Street, Chicago, IL, 60614, United States",5154 Market Street,Chicago,60614,United States
"730 William Street, Melbourne, VIC, 3008, Australia",730 William Street,Melbourne,3008,Australia
"264 Mill Lane, Liverpool, UK, L4 5SQ",264 Mill Lane,Liverpool,L4 5SQ,United Kingdom
"850 King Street, Calgary AB T2H 0K8",850 King Street,Calgary,T2H 0K8,Canada
"King Street 982, 6008 Perth WA Australia",982 King Street,Perth,6008,Australia
"Unit 6/992 Exhibition Street, Adelaide SA 5031",Unit 6/992 Exhibition Street,Adelaide,5031,Australia
"103 Hunter Street, Brisbane, QLD, 4101, Australia",103 Hunter Street,Brisbane,4101,Australia
"5 Queens Road, Manchester, M3 4FP, UK",5 Queens Road,Manchester,M3 4FP,UK
"Elm Street 3931, Chicago, IL 60601",3931 Elm Street,Chicago,60601,USA
"137 The Avenue, London, UK, W1A 0AX",137 The Avenue,London,W1A 0AX,UK
248 Queens Road Leeds LS1 1BA UK,248 Queens Road,Leeds,LS1 1BA,UK
"3297 Front Street, V7Y 1G5 Vancouver, BC",3297 Front Street,Vancouver,V7Y 1G5,Canada
218 William Street Sydney NSW 2060,218 William Street,Sydney,2060,Australia
"Unit 254-2502 Carlton Street, Montreal, QC H3A 0G4",Unit 254-2502 Carlton Street,Montreal,H3A 0G4,Canada
"Adelaide Street 751, 5031 Adelaide SA Australia",751 Adelaide Street,Adelaide,5031,Australia
"Spring Street 169, 2001 Sydney NSW Australia",169 Spring Street,Sydney,2001,Australia
"304 London Road, London NW1 2DB, United Kingdom",304 London Road,London,NW1 2DB,United Kingdom
"Unit 155-9697 Bay Street, Calgary, AB T2G 0L8",Unit 155-9697 Bay Street,Calgary,T2G 0L8,Canada
"5725 College Street, M4B 1B3 Toronto, ON",5725 College Street,Toronto,M4B 1B3,Canada
"7335 Sunset Boulevard Apt 20, Dallas, TX 75205, USA",7335 Sunset Boulevard Apt 20,Dallas,75205,USA
"9786 Park Lane, San Diego 92101, USA",9786 Park Lane,San Diego,92101,USA
"Bridge Street 119, EC1A 1BB London, UK",119 Bridge Street,London,EC1A 1BB,UK
"461 High Street, B1 1AA, Birmingham, United Kingdom",461 High Street,Birmingham,B1 1AA,United Kingdom
"253 Murray Street, 3000, Melbourne, VIC",253 Murray Street,Melbourne,3000,Australia
"247 Manor Road, Manchester M1 1AD, United Kingdom",247 Manor Road,Manchester,M1 1AD,United Kingdom
"9828 Front Street, Calgary, AB, T2P 2M5, Canada",9828 Front Street,Calgary,T2P 2M5,Canada
"1040 Valley Road, Houston 77001, USA",1040 Valley Road,Houston,77001,USA
"2363 Hill Street, Philadelphia PA 19103",2363 Hill Street,Philadelphia,19103,USA
"Richmond Street 5146, Montreal, H2X 1Y1, QC, Canada",5146 Richmond Street,Montreal,H2X 1Y1,Canada
"Church Lane 448, NW1 2DB London, UK",448 Church Lane,London,NW1 2DB,UK
"2522 Main Street, Toronto, ON, M5H 2N2, Canada",2522 Main Street,Toronto,M5H 2N2,Canada
"152 Hunter Street, 5031, Adelaide, SA",152 Hunter Street,Adelaide,5031,Australia
812 Elizabeth Street Melbourne VIC 3006,812 Elizabeth Street,Melbourne,3006,Australia
"318 Green Lane, London, EC1A 1BB, UK",318 Green Lane,London,EC1A 1BB,UK
"2370 Wellington Street, Vancouver, BC V5L 1A9, Canada",2370 Wellington Street,Vancouver,V5L 1A9,Canada
"33 Kings Street, Liverpool L8 5ST, United Kingdom",33 Kings Street,Liverpool,L8 5ST,United Kingdom
"River Drive 4984, Houston, TX 77019",4984 River Drive,Houston,77019,USA
222 Lonsdale Street Brisbane QLD 4001,222 Lonsdale Street,Brisbane,4001,Australia
"Bridge Street 233, M1 1AD Manchester, UK",233 Bridge Street,Manchester,M1 1AD,UK
2127 King Street Montreal QC H2X 1Y1 Canada,2127 King Street,Montreal,H2X 1Y1,Canada
"715 Bourke Street, 2060, Sydney, NSW",715 Bourke Street,Sydney,2060,Australia
"228 Albert Street, London EC1A 1BB, United Kingdom",228 Albert Street,London,EC1A 1BB,United Kingdom
"805 Market Street, Adelaide, SA, 5042, Australia",805 Market Street,Adelaide,5042,Australia
"793 Pitt Street, Adelaide, SA, 5000, Australia",793 Pitt Street,Adelaide,5000,Australia
"1583 College Street, Montreal, QC H2Y 1C6, Canada",1583 College Street,Montreal,H2Y 1C6,Canada
"2823 River Drive, Houston TX 77002",2823 River Drive,Houston,77002,USA
"318 Murray Street, Brisbane QLD 4001, Australia",318 Murray Street,Brisbane,4001,Australia
"Unit 171-362 College Street, Montreal, QC H4A 3J2",Unit 171-362 College Street,Montreal,H4A 3J2,Canada
151 Bourke Street Brisbane QLD 4169,151 Bourke Street,Brisbane,4169,Australia
"82 Kings Street, B2 4QA, Birmingham, United Kingdom",82 Kings Street,Birmingham,B2 4QA,United Kingdom
"33 Park Avenue, London, W1A 0AX, UK",33 Park Avenue,London,W1A 0AX,UK
"6731 Spring Avenue, Austin TX 78702",6731 Spring Avenue,Austin,78702,USA
"High Street 314, M3 4FP Manchester, UK",314 High Street,Manchester,M3 4FP,UK
"King Street 2643, Toronto, M6G 1C4, ON, Canada",2643 King Street,Toronto,M6G 1C4,Canada
"6981 Front Street, Montreal, QC H3A 0G4, Canada",6981 Front Street,Montreal,H3A 0G4,Canada
"William Street 584, 5038 Adelaide SA Australia",584 William Street,Adelaide,5038,Australia
28 Alexandra Road Manchester M4 5JY UK,28 Alexandra Road,Manchester,M4 5JY,UK
"4302 Richmond Street, H3A 0G4 Montreal, QC",4302 Richmond Street,Montreal,H3A 0G4,Canada
"887 Murray Street, Melbourne VIC 3006, Australia",887 Murray Street,Melbourne,3006,Australia
"380 Green Lane, M3 4FP, Manchester, United Kingdom",380 Green Lane,Manchester,M3 4FP,United Kingdom
9144 Front Street Ottawa ON K1P 5E7 Canada,9144 Front Street,Ottawa,K1P 5E7,Canada
352 Collins Street Melbourne VIC 3006,352 Collins Street,Melbourne,3006,Australia
"Queen Street 9201, Toronto, M6G 1C4, ON, Canada",9201 Queen Street,Toronto,M6G 1C4,Canada
"Collins Street 244, 6008 Perth WA Australia",244 Collins Street,Perth,6008,Australia
"1054 Main Street, Austin TX 78702",1054 Main Street,Austin,78702,USA
"2802 Maple Drive, San Antonio TX 78202",2802 Maple Drive,San Antonio,78202,USA
"5273 Lake Road Apt 458, Austin, TX 78701, USA",5273 Lake Road Apt 458,Austin,78701,USA
"429 Green Lane, Leeds, LS3 1LF, UK",429 Green Lane,Leeds,LS3 1LF,UK
"824 Exhibition Street, Brisbane QLD 4169, Australia",824 Exhibition Street,Brisbane,4169,Australia
"513 Bourke Street, 5042, Adelaide, SA",513 Bourke Street,Adelaide,5042,Australia
1909 University Avenue Toronto ON M4E 2S8 Canada,1909 University Avenue,Toronto,M4E 2S8,Canada
"9322 Hill Street, San Diego, CA, 92101, United States",9322 Hill Street,"San Diego, CA",92101,United States
"Unit 14/827 Exhibition Street, Adelaide SA 5031",Unit 14/827 Exhibition Street,"Adelaide, SA",5031,Australia
"Cedar Boulevard 3153, Austin, TX 78702",Cedar Boulevard 3153,"Austin, TX",78702,United States
"Unit 41-6733 Main Street, Montreal, QC H4A 3J2",Unit 41-6733 Main Street,"Montreal, QC",H4A 3J2,Canada
"Unit 75/922 Pitt Street, Adelaide SA 5006",Unit 75/922 Pitt Street,"Adelaide, SA",5006,Australia
"603 Carlton Street, K1A 0B1 Ottawa, ON",603 Carlton Street,"Ottawa, ON",K1A 0B1,Canada
4864 Front Street Ottawa ON K1P 5E7 Canada,4864 Front Street,"Ottawa, ON",K1P 5E7,Canada
"7277 Market Street, Dallas, TX 75204, USA",7277 Market Street,"Dallas, TX",75204,United States
"329 Victoria Road, L8 5ST, Liverpool, United Kingdom",329 Victoria Road,Liverpool,L8 5ST,United Kingdom
"4661 Bay Street, Vancouver, BC, V6Z 1Y6, Canada",4661 Bay Street,"Vancouver, BC",V6Z 1Y6,Canada
"Elm Street 5229, Phoenix, AZ 85004",Elm Street 5229,"Phoenix, AZ",85004,United States
"3715 Forest Avenue, San Diego 92109, USA",3715 Forest Avenue,"San Diego, CA",92109,United States
"Unit 265-2071 College Street, Montreal, QC H3A 0G4",Unit 265-2071 College Street,"Montreal, QC",H3A 0G4,Canada
"57 Exhibition Street, 2001, Sydney, NSW",57 Exhibition Street,"Sydney, NSW",2001,Australia
"Unit 13-4580 Yonge Street, Ottawa, ON K1N 5R6",Unit 13-4580 Yonge Street,"Ottawa, ON",K1N 5R6,Canada
"Elm Street 3284, Austin, TX 78704",Elm Street 3284,"Austin, TX",78704,United States
"Wellington Street 8116, Vancouver, V5L 1A9, BC, Canada",Wellington Street 8116,"Vancouver, BC",V5L 1A9,Canada
"578 Collins Street, Perth WA 6008, Australia",578 Collins Street,"Perth, WA",6008,Australia
"Unit 220-2021 King Street, Vancouver, BC V6B 2W9",Unit 220-2021 King Street,"Vancouver, BC",V6B 2W9,Canada
"Unit 51-3316 Wellington Street, Ottawa, ON K2P 0A4",Unit 51-3316 Wellington Street,"Ottawa, ON",K2P 0A4,Canada
"568 Lonsdale Street, Sydney NSW 2011, Australia",568 Lonsdale Street,"Sydney, NSW",2011,Australia
"Hunter Street 570, 6003 Perth WA Australia",Hunter Street 570,"Perth, WA",6003,Australia
"192 Kings Street, London, UK, SE1 7PB",192 Kings Street,London,SE1 7PB,United Kingdom
"6668 Lincoln Avenue, San Diego CA 92102",6668 Lincoln Avenue,"San Diego, CA",92102,United States
"269 High Street, Birmingham, B3 2TA, UK",269 High Street,Birmingham,B3 2TA,United Kingdom
"470 London Road, Liverpool, L8 5ST, UK",470 London Road,Liverpool,L8 5ST,United Kingdom
1647 Richmond Street Toronto ON M4B 1B3 Canada,1647 Richmond Street,"Toronto, ON",M4B 1B3,Canada
"Unit 38/535 Hunter Street, Perth WA 6008",Unit 38/535 Hunter Street,"Perth, WA",6008,Australia
"275 Market Street, Melbourne VIC 3006, Australia",275 Market Street,"Melbourne, VIC",3006,Australia
627 Pitt Street Adelaide SA 5042,627 Pitt Street,"Adelaide, SA",5042,Australia
"432 Hunter Street, Perth 6005 WA, Australia",432 Hunter Street,"Perth, WA",6005,Australia
253 George Street Perth WA 6000,253 George Street,"Perth, WA",6000,Australia
295 High Street Birmingham B4 7SL UK,295 High Street,Birmingham,B4 7SL,United Kingdom
"4359 Broadway, Dallas 75204, USA",4359 Broadway,"Dallas, TX",75204,United States
"7602 Lake Road, San Antonio, TX, 78202, United States",7602 Lake Road,"San Antonio, TX",78202,United States
"Unit 65/959 Market Street, Melbourne VIC 3006",Unit 65/959 Market Street,"Melbourne, VIC",3006,Australia
"9051 Hill Street, San Diego CA 92101",9051 Hill Street,"San Diego, CA",92101,United States
"133 Murray Street, 5042, Adelaide, SA",133 Murray Street,"Adelaide, SA",5042,Australia
"5785 Richmond Street, Vancouver, BC, V5L 1A9, Canada",5785 Richmond Street,"Vancouver, BC",V5L 1A9,Canada
147 Station Road Leeds LS3 1LF UK,147 Station Road,Leeds,LS3 1LF,United Kingdom
"892 Adelaide Street, Melbourne, VIC, 3004, Australia",892 Adelaide Street,"Melbourne, VIC",3004,Australia
"910 University Avenue, Ottawa ON K1R 6B1",910 University Avenue,"Ottawa, ON",K1R 6B1,Canada
"2154 Market Street, Austin, TX, 78702, United States",2154 Market Street,"Austin, TX",78702,United States
"26 Maple Drive Apt 201, Chicago, IL 60611, USA",26 Maple Drive Apt 201,"Chicago, IL",60611,United States
"100 Kings Street, Leeds, LS3 1LF, UK",100 Kings Street,Leeds,LS3 1LF,United Kingdom
"8912 Market Street, New York NY 10003",8912 Market Street,"New York, NY",10003,United States
"Main Street 8222, San Diego, CA 92102",Main Street 8222,"San Diego, CA",92102,United States
"577 Adelaide Street, 5006, Adelaide, SA",577 Adelaide Street,"Adelaide, SA",5006,Australia
259 Murray Street Sydney NSW 2001,259 Murray Street,"Sydney, NSW",2001,Australia
"Kings Street 78, B5 4TD Birmingham, UK",Kings Street 78,Birmingham,B5 4TD,United Kingdom
"6570 Church Street Apt 165, Austin, TX 78705, USA",6570 Church Street Apt 165,"Austin, TX",78705,United States
"45 Queens Road, Manchester, M3 4FP, UK",45 Queens Road,Manchester,M3 4FP,United Kingdom
"4318 Pine Street, Dallas, TX 75206, USA",4318 Pine Street,"Dallas, TX",75206,United States
"960 William Street, Adelaide, SA, 5042, Australia",960 William Street,"Adelaide, SA",5042,Australia
1875 King Street Vancouver BC V6Z 1Y6 Canada,1875 King Street,"Vancouver, BC",V6Z 1Y6,Canada
"9995 Main Street, Calgary AB T2P 2M5",9995 Main Street,"Calgary, AB",T2P 2M5,Canada
"University Avenue 9306, Montreal, H2Y 1C6, QC, Canada",University Avenue 9306,"Montreal, QC",H2Y 1C6,Canada
"Unit 8/882 Pitt Street, Sydney NSW 2010",Unit 8/882 Pitt Street,"Sydney, NSW",2010,Australia
"Bourke Street 595, 2001 Sydney NSW Australia",Bourke Street 595,"Sydney, NSW",2001,Australia
"6588 Front Street, Calgary, AB T1Y 6B4, Canada",6588 Front Street,"Calgary, AB",T1Y 6B4,Canada
"98 Lonsdale Street, Adelaide, SA, 5042, Australia",98 Lonsdale Street,"Adelaide, SA",5042,Australia