Location name,City,Country,Email address,Website URL
F45 NOMAD,New York,USA,nomad@f45training.com,https://f45training.com/studio/nomad/
F45 MIDTOWN EAST NYC,New York,USA,midtowneastnyc@f45training.com,https://f45training.com/studio/midtowneastnyc/
F45 CULVER CITY,Culver City,USA,culvercity@f45training.com,https://f45training.com/studio/culvercity/
F45 WESTLAKE VILLAGE,Westlake Village,USA,westlakevillage@f45training.com,https://f45training.com/studio/westlakevillage/
F45 VIENNA VA,Vienna,USA,viennava@f45training.com,https://f45training.com/studio/viennava/
F45 SUMMERHILL,Atlanta,USA,summerhill@f45training.com,https://f45training.com/studio/summerhill/
F45 U STREET,Washington,USA,ustreet@f45training.com,https://f45training.com/studio/ustreet/
F45 CENTRAL PARK CO,Denver,USA,centralparkco@f45training.com,https://f45training.com/studio/centralparkco/
F45 WILLOW PARK,Willow Park,USA,willowpark@f45training.com,https://f45training.com/studio/willowpark/
F45 CORAL RIDGE,Oakland Park,USA,coralridge@f45training.com,https://f45training.com/studio/coralridge/
F45 ALISO VIEJO,Aliso Viejo,USA,alisoviejo@f45training.com,https://f45training.com/studio/alisoviejo/
F45 SUNSET STRIP,West Hollywood,USA,sunsetstrip@f45training.com,https://f45training.com/studio/sunsetstrip/
F45 POMPANO BEACH,Pompano Beach,USA,pompanobeach@f45training.com,https://f45training.com/studio/pompanobeach/
F45 PEARL DISTRICT,Portland,USA,pearldistrict@f45training.com,https://f45training.com/studio/pearldistrict/
F45 FLATIRON,New York,USA,flatiron@f45training.com,https://f45training.com/studio/flatiron/
F45 MURRIETA NORTH,Murrieta,USA,murrietanorth@f45training.com,https://f45training.com/studio/murrietanorth/
F45 ATLANTIC HIGHLANDS,Jacksonville,USA,atlantichighlands@f45training.com,https://f45training.com/studio/atlantichighlands/
F45 RANCHO MISSION VIEJO,San Juan Capistrano,USA,ranchomissionviejo@f45training.com,https://f45training.com/studio/ranchomissionviejo/
F45 SODO FL,Orlando,USA,sodofl@f45training.com,https://f45training.com/studio/sodofl/
F45 FISHERS GEIST,Fishers,USA,fishersgeist@f45training.com,https://f45training.com/studio/fishersgeist/
F45 NORTH AUBURN,Auburn,USA,northauburn@f45training.com,https://f45training.com/studio/northauburn/
F45 HORIZON WEST,Winter Garden,USA,horizonwest@f45training.com,https://f45training.com/studio/horizonwest/
F45 SEVERNA PARK,Severna Park,USA,severnapark@f45training.com,https://f45training.com/studio/severnapark/
F45 LOWER EAST SIDE,New York,USA,lowereastside@f45training.com,https://f45training.com/studio/lowereastside/
