Product title,Product URL,Number of “Related Video Shorts”,Number of reviews,Price,Meets Optional Criteria? (Y/N)
"Apple AirPods Pro (2nd Gen) Wireless Earbuds, Up to 2X More Active Noise Cancelling, Adaptive Transparency, Personalized Spatial Audio MagSafe Charging Case (Lightning) Bluetooth Headphones for iPhone",https://www.amazon.com/Apple-Generation-Cancelling-Transparency-Personalized/dp/B0BDHWDR12,0,"57,561",$227.47,Y
"Apple AirPods Pro (2nd Generation) Wireless Ear Buds with USB-C Charging, Up to 2X More Active Noise Cancelling Bluetooth Headphones, Transparency Mode, Adaptive Audio, Personalized Spatial Audio",https://www.amazon.com/Apple-Generation-Cancelling-Transparency-Personalized/dp/B0CHWRXH8B,0,"27,485",$197.99,Y
"Amazon Kindle Paperwhite 16GB (newest model) – Our fastest Kindle ever, with new 7"" glare-free display and weeks of battery life – Black",https://www.amazon.com/All-new-Amazon-Kindle-Paperwhite-glare-free/dp/B0CFPJYX7P,0,"12,531",$159.99,Y
"Sony WH-1000XM5 Premium Noise Canceling Headphones, Auto NC Optimizer, 30-Hour Battery, Alexa Voice Control, Black",https://www.amazon.com/Sony-WH-1000XM5-Canceling-Headphones-Hands-Free/dp/B09XS7JWHH,5,"18,091",$398.00,Y
Bose QuietComfort 45 Bluetooth Wireless Noise Cancelling Headphones - Triple Black,https://www.amazon.com/Bose-QuietComfort-45-Bluetooth-Canceling-Headphones/dp/B098FKXT8L,5,"16,974",$159.99,Y
"JBL Flip 6 - Portable Bluetooth Speaker, powerful sound and deep bass, IPX7 waterproof, 12 hours of playtime, JBL PartyBoost for multiple speaker pairing for home, outdoor and travel (Black)",https://www.amazon.com/JBL-Flip-Bluetooth-Waterproof-PartyBoost/dp/B09GJVTRNZ,5,"21,945",$129.95,Y
"Ninja | Air Fryer | 4 QT Capacity | 4-in1 Roast, Crisp, Roast, Reheats, & Dehydrates | Dishwasher Safe Parts | Includes 20 Easy & Healthy Recipes | Compact | Grey | AF101",https://www.amazon.com/Ninja-AF101-Fryer-Black-gray/dp/B07FDJMC9Q,5,"64,249",$79.99,Y
"Instant Pot Duo 7-in-1 Electric Pressure Cooker, Slow Cooker, Rice, Steamer, Sauté, Yogurt Maker, Warmer & Sterilizer, Includes App With Over 800 Recipes, Stainless Steel, 6 Quart",https://www.amazon.com/Instant-Pot-Multi-Use-Programmable-Pressure/dp/B00FLYWNYQ,5,"1,79,910",$99.99,Y
"Dyson V15 Detect Cordless Vacuum Cleaner, Multicolor",https://www.amazon.com/Dyson-Detect-Cordless-Vacuum-Yellow/dp/B0979R48CX,0,"2,665",$697.00,Y
"KitchenAid Artisan Series 5 Quart Tilt Head Stand Mixer with Pouring Shield KSM150PS, Aqua Sky",https://www.amazon.com/KitchenAid-KSM150PSAQ-Artisan-Pouring-Shield/dp/B005PMEHBG,5,"21,756",$379.99,Y
Meta Quest 3 512GB — The Most Powerful Quest — Ultimate Mixed Reality Experiences — Get a 3-Month Trial of Meta Horizon+ Included,https://www.amazon.com/Meta-Quest-512GB-Breakthrough-Reality-3/dp/B0CD1JTBSC,5,"3,839",$499.00,Y
"iRobot Roomba j7+ (7550) Self-Emptying Robot Vacuum – Uses PrecisionVision Navigation to Identify & Avoid Objects Like Socks, Shoes, & Pet Waste, Smart Mapping, Self-Empty for Up to 60 Days",https://www.amazon.com/iRobot-Roomba-Self-Emptying-Robot-Vacuum/dp/B094NYHTMF,5,"8,410",$367.26,Y
"Fitbit Charge 6 Fitness Tracker with Google apps, Heart Rate on Exercise Equipment, 6-Months Premium Membership Included, GPS, Health Tools and More, Obsidian/Black, One Size (S & L Bands Included)",https://www.amazon.com/Fitbit-Exercise-Equipment-6-Months-Membership/dp/B0CC62ZG1M,0,"16,876",$119.95,Y
"Apple AirPods Max Wireless Over-Ear Headphones, Active Noise Cancelling, Transparency Mode, Personalized Spatial Audio, Dolby Atmos, Bluetooth Headphones for iPhone – Space Gray",https://www.amazon.com/New-Apple-AirPods-Max-Space/dp/B08PZHYWJS,0,"8,205",$489.00,Y
"Breville BOV900BSS Smart Oven Air Fryer Pro and Convection Oven, Brushed Stainless Steel",https://www.amazon.com/Breville-BOV900BSS-Convection-Brushed-Stainless/dp/B01N5UPTZS,5,"12,093",$349.95,Y
"Keurig K-Elite Single Serve K-Cup Pod Coffee Maker, with Strength and Temperature Control, Iced Coffee Capability, 8 to 12oz Brew Size, Programmable, Brushed Silver",https://www.amazon.com/Keurig-K-Elite-Strength-Temperature-Capability/dp/B0788F3R8X,5,"67,774",$127.30,Y
"Nespresso Vertuo Next Coffee and Espresso Maker by Breville, Navy",https://www.amazon.com/Nespresso-BNV520NAV1BUC1-Vertuo-Next/dp/B0CFFSNQNT,5,"9,608",$125.99,Y
Nintendo Switch with Neon Blue and Neon Red Joy?Con,https://www.amazon.com/Nintendo-Switch-Neon-Blue-Joy%E2%80%91/dp/B07VGRJDFY,5,"80,781",$298.00,Y
"Logitech MX Master 3S, Black",https://www.amazon.com/Logitech-Master-Performance-Ultra-Fast-Scrolling/dp/B0BS9VVQPD,0,719,$97.99,N
Shark | Upright Vacuum Cleaner | Navigator Lift-Away | Swivel Steering | HEPA Filter | Vacuum for Pet Hair | Crevice Tool & Dusting Brush Included | For Carpets & Hard Floors | White/Silver | NV356E,https://www.amazon.com/Shark-Navigator-Lift-Away-Professional-NV356E/dp/B005KMDV9A,5,"1,18,193",$199.99,Y
Sonos One SL (2019) - White,https://www.amazon.com/Sonos-One-SL-Microphone-Free-Speaker/dp/B07W6RYRZM,0,"5,816",$256.93,Y
"Vitamix 5200 Blender, Professional-Grade Blender for Smoothies, Soups, Ice Cream and More, Stainless-Steel Blades, Self-Cleaning Kitchen Appliance, 64 Oz Container, Black",https://www.amazon.com/Vitamix-Blender-Professional-Grade-Container-Black/dp/B008H4SLV6,5,"7,936",$449.95,Y
"iRobot Roomba i7+ (7550) Robot Vacuum with Automatic Dirt Disposal - Empties Itself for up to 60 Days, Wi-Fi Connected, Smart Mapping, Works with Alexa, Ideal for Pet Hair, Carpets, Hard Floors",https://www.amazon.com/iRobot-Roomba-7550-Wi-Fi-Connecte/dp/B07GNPDMRP,5,"13,150",$599.95,Y
"Anker 521 Portable Power Station Upgraded with LiFePO4 Battery, 256Wh 6-Port PowerHouse, 300W (Peak 600W) Solar Generator (Solar Panel Optional), 2 AC Outlets, 60W USB-C PD Output, Outdoor Generator",https://www.amazon.com/Anker-Portable-Upgraded-PowerHouse-Generator/dp/B0D4DS77K3,5,"2,880",$199.99,Y
"Apple iPad (10th Generation): with A14 Bionic chip, 10.9-inch Liquid Retina Display, 64GB, Wi-Fi 6, 12MP front/12MP Back Camera, Touch ID, All-Day Battery Life – Yellow",https://www.amazon.com/Apple-2022-10-9-inch-iPad-Wi-Fi/dp/B0BJLCL22Y,0,"34,117",$401.28,Y
Canon EOS Rebel T7 DSLR Camera with 18-55mm Lens | Built-in Wi-Fi | 24.1 MP CMOS Sensor | DIGIC 4+ Image Processor and Full HD Videos,https://www.amazon.com/Canon-Rebel-T7-18-55mm-II/dp/B07C2Z21X5,0,"8,121",$529.99,Y
"GoPro Hero12 Black E-Commerce Package - Waterproof Action Camera with 5.3K60 Ultra HD Video, 27MP Photos, HDR, 1/1.9"" Image Sensor, Live Streaming, Webcam, Stabilization",https://www.amazon.com/GoPro-Hero12-Black-Commerce-Package/dp/B0DD5G9QGJ,0,499,$289.99,N
"SAMSUNG Galaxy Watch 6 Classic 47mm Stainless-Steel Smartwatch w/Fitness Tracker, Heart Monitor, BIA Sensor, Bluetooth – Black",https://www.amazon.com/Samsung-Classic-Stainless-Steel-Smartwatch-Bluetooth/dp/B0CCW95RBD,0,518,$209.99,N
"Bose QuietComfort Ultra Bluetooth Headphones, Wireless Headphones with Spatial Audio, Over Ear Noise Cancelling with Mic, Up to 24 Hours of Playtime, Black",https://www.amazon.com/Bose-QuietComfort-Wireless-Cancelling-Headphones/dp/B0CCZ1L489,5,"8,029",$429.00,Y
"Amazon Kindle Scribe (16GB) - Your notes, documents and books, all in one place. With built-in AI notebook summarization. Includes Premium Pen - Tungsten",https://www.amazon.com/Amazon-Kindle-Scribe/dp/B0CZ9VFQ2P,0,"2,417",$399.99,Y
