Brand,Model,Price (€),Average Rating,Number of Customer Reviews,Direct Amazon Product Link (URL),Product-Specific Praises,Product-Specific Complaints
Apple,"MacBook Air 13.6"" (M4, 16GB/256GB, Midnight)","€1,089.00",4.9 out of 5,8,https://www.amazon.nl/-/en/Apple-inch-MacBook-chip-Intelligence/dp/B0DZDBFJGJ,"Compact form factor with excellent performance from the M4 chip; 16GB RAM is sufficient for software development and multitasking. Battery life comfortably lasts a full workday, and the build quality feels durable.",The 256GB SSD can be limiting for users who store lots of files locally. The two-port design requires adapters and may constrain connectivity for peripherals.
ASUS,"Vivobook 15 X1504VA‑NJ2240W (Core i5, 16GB/512GB)",€579.00,5.0 out of 5,1,https://www.amazon.nl/-/en/Vivobook-X1504VA-NJ2240W-Laptop-Windows-Keyboard/dp/B0F4X8KFLH,Performance feels snappy and the system is reliable in day-to-day use.,No product-specific complaints.
HP,"Pavilion 15‑eg2660nd (i5‑1235U, 16GB/512GB)",€739.00,4.5 out of 5,4,https://www.amazon.nl/-/en/Pavilion-15-eg2660nd-Antiglare-i5-1235U-Keyboard/dp/B0C4F6KZP6,Users highlight fast performance (noted on higher-spec variants) and very quiet operation with minimal fan noise; the backlit keyboard is comfortable for working in low light.,"Some report severe freezing and lagging even with i5/16GB/SSD configuration, making basic tasks difficult; the US-layout QWERTY keyboard may be inconvenient for non‑US symbol placement."
HP,"15s‑fq5610nd (i3‑1215U, 8GB/256GB)",€459.00,4.2 out of 5,5,https://www.amazon.nl/-/en/Laptop-15s-fq5610nd-i3-1215U-Windows-Keyboard/dp/B0CKHF9DMV,Lightweight chassis with a comfortable keyboard; adequate performance for everyday tasks and general productivity.,Build quality feels cheap and some units exhibit sluggish performance; reports of screen flickering and occasional popping sounds from the speakers. Users also mention RAM/battery limitations for heavier workloads.
MSI,"Katana 17 (i7‑13620H, RTX 4060, 16GB/1TB) B13VFK‑269",€958.14,4.4 out of 5,84,https://www.amazon.nl/-/en/Notebook-i7-13620H-Windows-Keyboard-B13VFK-269/dp/B0BV9BZ9VB,"Strong gaming performance (i7‑13620H + RTX 4060) with smooth 1080p/144Hz visuals; sturdy build and solid hinges, a comfortable backlit keyboard, ample 1TB M.2 SSD speeds, and good port selection with fast Wi‑Fi 6.","Battery life is limited for unplugged use and fans can be loud under load; speakers are mediocre, graphics switching can be fiddly, and some users report occasional freezes/update issues (likely OS-related) and only average color accuracy on the IPS panel."
Apple,"MacBook Air 13.6"" (M2, 16GB/256GB, Silver)",€930.00,4.3 out of 5,12,https://www.amazon.nl/-/en/Apple-MacBook-Air-chip-13-6%E2%80%91inch/dp/B0DLHWT6CN,"Very portable 13.6"" form factor with solid everyday performance and cooler behavior than M1 in apps like Teams; battery life is notably strong (often a full day or 15–18 hours under light use). Overall build quality and presentation feel premium.","The finish (especially darker/black variants) can scratch/wear easily around the edges; the base 256GB SSD has slower bandwidth than higher-capacity configurations, and the Air’s 60Hz LCD and limited I/O may feel restrictive versus higher-tier models with faster storage and more ports."
Apple,"MacBook Air 15.3"" (M4, 16GB/256GB, Sky Blue)","€1,329.00",5.0 out of 5,1,https://www.amazon.nl/-/en/Apple-inch-MacBook-chip-Intelligence/dp/B0DZDBQQD4,No product-specific praises.,No product-specific complaints.
PINSTONE,"Celeron N4000, 6GB/128GB, 14.1""",€189.99,4.1 out of 5,360,https://www.amazon.nl/-/en/Dual-Core-Bluetooth-1920%C3%971080-Notebook-Included/dp/B0D54CZXPJ,"Lightweight, compact, and quiet (fanless) with fast startup from the SSD; suitable for everyday tasks like browsing, office work, streaming, and video calls. IPS screen offers pleasant colors and viewing angles, and the generous port selection (USB, HDMI, card reader; hub included) adds flexibility.","Performance is limited (Celeron class CPU struggles with multitasking and heavier apps), and the fanless design can lead to noticeable heat and battery drain under load. Speakers are quiet, build feels flimsy/plastic, and some users report dated BIOS/compatibility quirks; overall not suitable for demanding workloads."
Apple,"MacBook Pro 14.2"" (M4 Pro, 24GB/1TB, Space Black)","€2,669.00",4.8 out of 5,2,https://www.amazon.nl/-/en/Apple-MacBook-laptop-14-core-20-core/dp/B0DLJFXJDT,"The provided review expresses strong overall satisfaction, but does not mention specific product attributes; based on the sentiment, users find it excellent in everyday use.",No product-specific complaints.
FUNYET,"FUNYET 15.6"" (Celeron N4000, 8GB/256GB)",Currently Unavailable,4.4 out of 5,28,https://www.amazon.nl/-/en/15-6-inch-opening-computer-Win11pro-notebook/dp/B0DDB41Y8M,"Suitable for simple workloads (office, browsing, streaming) with quick startup from SSD; the 15.6"" IPS FHD display is sharp and colorful, and the 180° hinge, numeric keypad, and broad port selection (USB 3.0, mini HDMI, TF, Bluetooth, dual‑band Wi‑Fi) add practical usability. Battery capacity (5000 mAh) supports solid everyday runtime; overall good value for budget users.","Multiple reports of very slow performance even for basic Office tasks, with lag and instability emerging shortly after initial use; perceived degradation over time and poor responsiveness make multitasking frustrating. Battery endurance appears to drop quickly for some users."
Microsoft,"Surface Laptop 13.8"" (Snapdragon X Elite, 16GB/512GB, Sand)","€1,031.91",4.2 out of 5,111,https://www.amazon.nl/-/en/Microsoft-Surface-Laptop-Copilot-Snapdragon%C2%AE/dp/B0D1VYLL8W,"Premium materials and modern design with a bright, well‑calibrated 120 Hz touchscreen; strong battery life and good performance, especially with ARM‑compiled apps. Keyboard is comfortable and precise, and the haptic trackpad feels high‑quality (comparable to Apple’s), with overall quiet operation after updates.","Compatibility gaps under Windows on ARM: some printers/scanners and Adobe apps do not install or function properly; Linux support is lacking. Minor trackpad lag at times, initial higher temperatures (later stabilized), and a back‑heavy balance/weight. Limited I/O (no Thunderbolt 4; two USB‑C ports on the same side). Some units ship with a German QWERTZ keyboard, which may be inconvenient for non‑German layouts."
ACEMAGIC,"ACEMAGIC 17.3"" (N97, 16GB/512GB)",€419.99,4.0 out of 5,20,https://www.amazon.nl/-/en/ACEMAGIC-17-3-inch-N97-closure-housing/dp/B0DWX3T783,"Solid build with premium feel and comfortable keyboard; the 17.3"" FHD display is bright and sharp, and the N97 + 16GB/512GB configuration handles everyday multitasking smoothly with quiet cooling. Good port selection (USB‑C, USB 3.2, HDMI, TF), responsive touchpad, and decent battery life for day‑to‑day use.","Integrated UHD graphics limits modern gaming and heavier graphics workloads; some users report fragile build details (keys jamming, rubber feet coming off), reduced battery endurance for some scenarios, and occasional reliability issues after resets. Weight/balance can feel delicate, and documentation could be more thorough for novices."
AOC,"AOC 15.6"" (N97, 16GB/512GB)",€419.00,4.2 out of 5,125,https://www.amazon.nl/-/en/Notebook-15-6-notebook-laptop-BT5-1/dp/B0D9B9VH47,"Solid everyday performance for office, browsing, streaming, and light editing (N97 + 16GB/512GB), with quick boot and responsive multitasking; sharp FHD 15.6"" display, quiet fans, and a sturdy metal chassis with good port selection (HDMI, USB, SD) and stable Wi‑Fi. Keyboard/trackpad feel responsive, and overall value-for-money is highlighted at this price point.","Not suitable for modern or more demanding games despite some marketing claims; some users report slow page loads, fan noise under load, and short battery endurance. Build/quality control concerns include English keyboard overlays, occasional power-supply failure, and units with batteries that drain rapidly or arrive defective."
ACEMAGIC,"ACEMAGIC 16"" (Ryzen 7 5825U, 16GB/512GB)",€499.99,4.4 out of 5,52,https://www.amazon.nl/-/en/ACEMAGIC-Expandable-Processor-Keyboard-Bluetooth/dp/B0DRCMCM7Z,"Stable everyday performance with smooth multitasking (file processing, spreadsheets) and accurate, comfortable-to-view colors; good thermal behavior for many users with sustained output, solid battery life, and fast startup. Premium metal build that’s thin and light, backlit keyboard, bright 16:10 screen, and well‑thought‑out connectivity make it pleasant for daily use.","Some units show hardware issues: touchpad malfunction (input interruption), screen defects (flickering horizontal lines; poor black levels/yellow tint), and overheating under light use. Camera and speakers are rated as weak, and the silicone keyboard overlay (to achieve QWERTY layout) feels low quality; these concerns reduce overall perceived quality for affected users."
ASUS,Zenbook 14 OLED (90NB11R1‑M012E0),"€1,662.93",5.0 out of 5,1,https://www.amazon.nl/ASUS-Zenbook-14-OLED-90NB11R1-M012E0/dp/B086ZSTK6N,Very fast performance with a brilliant display; handles multiple high‑performance applications in parallel without delays.,No product-specific complaints.
Lenovo,"IdeaPad 1 15ALC7 (Ryzen 5 5625U, 16GB/512GB) [82R400WPMH]",€479.00,0.0 out of 5,0,https://www.amazon.nl/-/en/IdeaPad-82R400WPMH-Integrated-Graphics-Keyboard/dp/B0F48TXHSM,No product-specific praises.,No product-specific complaints.
Lenovo," IdeaPad Slim 3 15AMN8 (Ryzen 3 7320U, 8GB/256GB) [82XQ00L7MH]",€469.00,5.0 out of 5,0,https://www.amazon.nl/-/en/Lenovo-IdeaPad-82XQ00L7MH-Windows-Keyboard/dp/B0DC6Q1LNQ,No product-specific praises.,No product-specific complaints.
ACEMAGIC,"ACEMAGIC 16.1"" (Ryzen 7 5700U, 16GB/512GB, Win 11 Pro)",€479.99,4.4 out of 5,150,https://www.amazon.nl/-/en/ACEMAGIC-notebook-batteries-i7-1355U-keyboard/dp/B0D95VPM4M,"Strong multi‑core performance (Ryzen 7 5700U) that stays stable without obvious throttling; smooth multitasking and even light video editing. Large FHD display is comfortable for work, metal chassis feels robust, backlit keyboard is comfortable, thermals are well‑managed, and connectivity is comprehensive (USB‑A/C, HDMI, Wi‑Fi 6, BT 5.x).","Some users report heat build‑up under heavy load and noted discrepancies in advertised screen size (listed 16.1"" vs measured ~15""). Quality‑control outliers mention poor screen quality, random restarts, and unstable Wi‑Fi on certain units; lack of Thunderbolt and a somewhat reflective display are minor trade‑offs."
HP,"HP 15‑fc0076nd (Ryzen 7, 16GB/512GB)",€649.00,0.0 out of 5,0,https://www.amazon.nl/-/en/15-fc0076nd-15-6-pixels-Ryzen-512GB/dp/B0FHL1NK29,No product-specific praises.,No product-specific complaints.
Lenovo,"IdeaPad 3 Chromebook 14M868 (Kompanio 520, 8GB/128GB) [82XJ0041MH]",€299.00,2.0 out of 5,0,https://www.amazon.nl/-/en/Chromebook-82XJ0041MH-MediaTek-Kompanio-Keyboard/dp/B0DCNR8DDJ,No product-specific praises.,No product-specific complaints.
Apple,"MacBook Pro 16.2"" (M4 Pro, 24GB/512GB, Space Black)","€2,699.00",3.6 out of 5,1,https://www.amazon.nl/-/en/Apple-MacBook-laptop-14-core-20-core/dp/B0DLHH2SGF,No product-specific praises.,"Larger and heavier than expected, which reduces portability compared with lighter 15""-class models (e.g., Lenovo E15). The size/weight trade-off prompted the user to prefer a lighter 14"" alternative."
ALLDOCUBE,"GTbook 15 Gen2 (N95, 16GB/512GB)",€279.99,3.8 out of 5,4,https://www.amazon.nl/-/en/ALLDOCUBE-GTbook-15-Gen2-Notebook/dp/B0D2KRX7NJ,"Strong value for money with surprisingly good performance for the price; Windows 11 setup and daily use are straightforward, and battery life is reported as solid.","Keyboard layout is QWERTY rather than AZERTY, which may be inconvenient for users expecting an AZERTY layout."
PINSTONE,"PINSTONE 14"" (Celeron N4000, 6GB/128GB)",Currently Unavailable,4.2 out of 5,3,https://www.amazon.nl/-/en/PINSTONE-Celeron-14-inch-essential-equipment/dp/B0FG1DK68G,Affordable and suitable for studies and everyday office tasks; runs without blocking or freezes for basic workloads. Some users report the battery sustaining 3–4 hours under typical use.,"Battery life appears inconsistent and can be very short for some (reported as ~1 hour even during light typing). Not designed for gaming or heavier performance needs, and the QWERTY keyboard layout may be inconvenient for users expecting other layouts."
Molegar,"15.6"" (Celeron N5095, 16GB/1TB, Backlit KB, Fingerprint) ",€346.34,4.4 out of 5,26,https://www.amazon.nl/-/en/Quad-Core-Keyboard-Fingerprint-Notebook-Computer/dp/B0DBH1MV7B,"Quick to set up with Windows 11 and runs smoothly for everyday tasks; graphics/video playback look good, the keyboard has a pleasant keystroke, and the color/finish is appreciated for the price.","Wi‑Fi adapter is weak out of the box and some units heat up quickly with noticeable fan noise under load. Keyboard layout mismatches (use of an overlay pad) hinder accurate typing, product photos may not match the delivered layout, and performance beyond basic writing is limited."
HP,"250 G9 (Celeron N4500, 16GB/512GB)",€349.90,4.2 out of 5,63,https://www.amazon.nl/-/en/G9-Laptop-Display-Celeron-Windows/dp/B0CQ5JQRTD,"Strong value for money with decent speed for simple tasks (web, Word) despite a low-end processor; compact and lightweight for portability, and several users report reliable day-to-day operation on arrival.","Hardware quality and reliability issues reported by some: unit described as old, lacking built-in speakers, random shutdowns and keys triggering themselves, very slow outside basic tasks, and audio not functioning due to missing drivers/components. One unit appeared physically opened/misaligned, undermining build integrity."
Apple,"MacBook Pro 13"" (M1, 8GB/256GB, Silver)","€1,442.23",3.9 out of 5,6,https://www.amazon.nl/-/en/Apple-2020-MacBook-13-inch-256GB/dp/B08N5YMNCP,"Very fast performance for content creation, with excellent video editing/rendering capability; good speakers and a comfortable keyboard make extended typing and media use pleasant. Watching videos is smooth and the overall experience feels premium.","Multiple reports of battery issues at first use (e.g., “Battery not charging” and “battery requires service”), raising reliability concerns out of the box. Initial power-on required external charging, suggesting potential battery/charging system faults in some units."
Moacreto,"Moacreto 15.6"" (Celeron N4000, 8GB/256GB)",€267.22,4.6 out of 5,31,https://www.amazon.nl/-/en/Celeron-N4000/dp/B0FBWHHRWZ,"Lightweight, thin, and professional-looking with smooth everyday performance (Celeron N4000 + 12GB RAM) for browsing, office work, streaming, and 180° sharing; the 15.6"" FHD IPS display shows vibrant, sharp colors, and the 256GB SSD feels fast and quiet. Modern connectivity (USB 3.0, mini HDMI, TF, Wi‑Fi) and overall value are frequently praised.","Not suited to heavier workloads or gaming despite some expectations; quality‑control issues reported on some units (e.g., screen defect/black stripe, Windows activation/edition mismatch) and occasional performance limitations under multitasking. Keyboard overlays may be needed to match local layouts, which some find suboptimal."
NOTODD,"NOTODD 16"" (Celeron N5095, 12GB/512GB)",€306.99,4.5 out of 5,20,https://www.amazon.nl/-/en/NOTODD-extensions-Bluetooth-keyboard-sticker/dp/B0DD3KL524,"Strong value for money for everyday use: fast boot and smooth Windows 11 experience from the 512GB SSD, plus very large storage via the 2TB HDD. The 16"" 1920×1200 display is bright and sharp, and casual/older titles (e.g., Sims, LoL, Half‑Life 2, Stardew, Minecraft at lower settings) run acceptably. Numeric keypad and ample ports are practical; design feels slim and reasonably lightweight.","Not suitable for modern AAA gaming due to Celeron N5095 + integrated graphics. Equipment feels basic (e.g., no keyboard backlight), and keyboard overlays for locale can be inconvenient. Some units report reliability issues (system incompatibility, early failure/DOA), which undermines confidence for heavier workloads."
AICHIW,"AICHIW 10.1"" Mini (2GB/64GB, Windows 10)",€175.99,5.0 out of 5,0,https://www.amazon.nl/-/en/Portable-Notebook-Storage-Keyboard-Lightweight/dp/B0D6RBYLVH,No product-specific praises.,No product-specific complaints.
Lenovo,"IdeaPad Pro 5 AI 16"" (Ryzen 7 8845HS, 16GB/1TB)","€1,069.00",0.0 out of 5,0,https://www.amazon.nl/-/en/Lenovo-IdeaPad-Laptop-Windows-Keyboard/dp/B0DCJZ9PGS,No product-specific praises.,No product-specific complaints.
Apple,"MacBook Air 13.6"" (M3, 8GB/256GB, Starlight)","€1,115.70",4.9 out of 5,1,https://www.amazon.nl/-/en/Apple-2024-MacBook-Air-Chip/dp/B0CX23B4CH,The laptop performs well and meets expectations in everyday use.,"The exterior finish shows fingerprints/hand marks easily, which detracts from the look and requires frequent cleaning."
HP,"15‑fc0078nd (Ryzen 7, 16GB/1TB)",€679.00,0.0 out of 5,0,https://www.amazon.nl/-/en/15-fc0078nd-15-6-pixels-Ryzen-1000GB/dp/B0FHL23LFG,No product-specific praises.,No product-specific complaints.
Acer,"Aspire 3 A315‑24P‑R02V (Ryzen 5 7520U, 8GB/512GB)",€399.00,3.7 out of 5,9,https://www.amazon.nl/-/en/Aspire-A315-24P-R02V-Non-Glare-Radeon-Windows/dp/B0BTPNXZW7,"Fast startup and responsive performance for home use, streaming, and basic programs; runs lighter games like Sims acceptably. Battery life is good in typical use and thermals stay tame (doesn’t heat much), making it a practical everyday machine.","Not suited for heavy workloads and the 8GB RAM ceiling limits multitasking headroom. Keyboard ships with an English layout (can be reconfigured in software), and some users report long‑term battery degradation (needing constant charging after a few years)."
ASUS,"TUF Gaming A15 FA507UI‑LP015W (Ryzen 9 8945HS, RTX 4070, 16GB/1TB)","€1,399.00",0.0 out of 5,0,https://www.amazon.nl/-/en/Gaming-FA507UI-LP015W-GeForce-Windows-Keyboard/dp/B07M6J1747,No product-specific praises.,No product-specific complaints.
HP,"14‑ep0032nd (Core i3, 8GB/512GB)",Currently Unavailable,0.0 out of 5,0,https://www.amazon.nl/-/en/14-ep0032nd-1920-pixels-Intel-512GB/dp/B0FHWT5CDR,No product-specific praises.,No product-specific complaints.
ACEMAGIC,"ACEMAGIC 15.6"" (N150, 16GB/512GB)",€349.00,4.8 out of 5,7,https://www.amazon.nl/-/en/ACEMAGIC-Laptop-N150-N100-3-6GHz-Notebook/dp/B0DRCM6NN9,"Strong everyday performance from the Twin Lake N150 + 16GB DDR4 and fast NVMe SSD, with quick startup and smooth multitasking; the 15.6"" FHD display offers accurate color, and the thin, light metal chassis feels sturdy. Connectivity is modern and versatile (Wi‑Fi 6/ax, BT 5.0, USB‑C/USB 3.2/HDMI), and storage is easily expandable, delivering excellent value for the price.","Integrated graphics limits heavy 3D/gaming or pro graphics workloads; the front camera quality is only adequate, and keyboard films to change layout can be a compromise for some users. For graphics‑intensive scenarios, an external GPU would be needed to meet higher performance expectations."
Lenovo,"IdeaPad Slim 5 14"" Copilot+ (Snapdragon X1P42100, 16GB/512GB)",€707.85,4.4 out of 5,238,https://www.amazon.nl/-/en/IdeaPad-Copilot-Qualcomm-Snapdragon-X1P42100/dp/B0D8TJB7BL,"Solid everyday performance from Snapdragon + SSD with smooth multitasking; the 14"" FHD display is sharp for movies, browsing, and office apps. Slim and relatively light design with decent battery life (often ~8 hours) makes it a good travel companion.","Glossy screen causes reflections and eye strain for some users; thermal behavior can be poor on certain units (runs very hot under default settings). Isolated hardware issues were reported (e.g., keyboard/mouse freezing, weak external port durability after a short drop). "
Microsoft,"Surface Pro 13"" OLED (Snapdragon X Elite, 16GB/256GB)","€1,594.60",4.2 out of 5,177,https://www.amazon.nl/-/en/Microsoft-Surface-Copilot-Snapdragon%C2%AE-Exclusive/dp/B0D1VY6181,"Excellent thermal behavior with rarely engaged fan, delivering cool, stable performance and notably smoother UI/animations under Windows on ARM; strong battery life enables a full workday even with 120 Hz dynamic refresh. The 13"" touchscreen is vivid and bright (up to ~900 nits), the design is premium and lightweight, and multitasking is responsive with Snapdragon X Plus/Elite and 16GB RAM; storage/serviceability is solid on the higher-spec models.","App/peripheral compatibility varies under Windows on ARM (some software/devices don’t work or require workarounds), and the OLED panel’s contrast/reflection characteristics can disappoint expectations. Reported reliability issues include random BSOD with third‑party SSDs, long‑term battery degradation (down to ~3 hours), touchscreen failures, and perceived slowness/instability after updates; keyboards are costly and may not connect consistently at boot for some users."
GPD,"GPD Pocket 4 (Ryzen AI 9 HX 370, 32GB/2TB, 8.8"" 2.5K/144Hz)","€1,621.95",4.1 out of 5,46,https://www.amazon.nl/-/en/GPD-Pocket-LPDDR5X-Bluetooth-Handheld/dp/B0DZY1BCSR,"Extremely high performance in an ultra‑portable form factor, with modular bay compatibility, rich connectivity (USB‑C/HDMI/Bluetooth), and a surprisingly usable keyboard/touchpad; the anti‑glare screen protector and fast external‑display hookup make it a capable field/workhorse device.","Windows install/update issues and a recurring touchscreen failure after sleep require technical workarounds; power delivery is demanding (best with ~100W) and battery life drops sharply under load. Additional quirks include BIOS accessibility/orientation problems, Linux dual‑boot touch/orientation issues, occasional hardware faults (battery detection, unit failure, uneven chassis foot), and inconsistent keyboard key quality (e.g., sticking backspace)."
ASUS,"ROG Strix G16 G614PM‑S5004W (Ryzen 9 8940HX, RTX 5060, 16GB/1TB)","€1,649.00",0.0 out of 5,0,https://www.amazon.nl/-/en/G614PM-S5004W-Gaming-GeForce-Windows-Keyboard/dp/B0F6NSRQMR,No product-specific praises.,No product-specific complaints.
ACEMAGIC,"ACEMAGIC 15.6"" (Ryzen 7 5700U, 16GB/512GB)",€469.99,4.2 out of 5,38,https://www.amazon.nl/-/en/ACEMAGIC-Laptop-i7-1265U-2-512GB-Adapter/dp/B0F87YLJXF,"Good everyday and entry‑level gaming performance from Ryzen 7 5700U with Vega 8; backlit keyboard is comfortable and the 15.6–16"" FHD screen is clear for study/work. Design is light and sleek with solid connectivity (USB‑C/HDMI/Wi‑Fi 6/BT 5.2), and 16GB/512GB provides smooth multitasking and ample storage for typical use.","Not a true gaming machine: modern titles require low/medium settings, it warms up under load, and battery life can be short; some units show unstable Wi‑Fi, random restarts, and keyboard layout mismatches. Serious software/security concerns reported by multiple users (pre‑installed keylogger/spyware in the recovery partition), plus reliability issues like early battery failure or defective components, which undermine confidence."
ASUS,"TUF Gaming F15 FX507VI‑LP060 (i7‑13620H, RTX 4070, 32GB/1TB)","€1,421.27",4.4 out of 5,481,https://www.amazon.nl/-/en/Gaming-FX507VI-LP060-Laptop-i7-13620H-NVIDIA/dp/B0CQP57FB8,"Very strong gaming performance for the price (RTX 3050/3060 class) with smooth 1080p gameplay and a 144 Hz display; thermals are managed well during gaming and the quiet keyboard, abundant ports (USB‑C/HDMI), and sturdy feel make it a capable daily/gaming machine.","OS/driver setup can be tricky (e.g., needing BIOS/security changes or offline install workarounds); fans get loud under load and battery capacity is lower than stated (≈48 Wh) with short runtime (~2.5 hours, even less at 144 Hz). Some units show build/QA issues (missing screws, component misalignment, early failures like defective motherboard), and the touchpad quality is reported as poor. (Localization extras like Spanish QWERTY/BIOS may not match user expectations.)"
HP,"15‑fd0045ns (i7‑1355U, 16GB/512GB)",€739.00,4.4 out of 5,495,https://www.amazon.nl/-/en/15-fd0045ns-i7-1355U-Graphics-Windows-Keyboard/dp/B0CFBGVY29,"Strong overall performance (Ryzen 7 + 1TB SSD) for everyday tasks and moderate gaming; users report smooth gameplay (e.g., Assassin’s Creed Black Flag), fast boot/load times, and a portable, sleek design with solid battery life under typical use.","Display quality disappoints some users (poor viewing angles/sharpness vs. expected IPS), and battery runtime can be short (~3 hours at high brightness/volume). Setup can be cumbersome when shipped without an OS and drivers (Wi‑Fi/brightness), with reports of freezing, intermittent HDMI signal drops, and occasional screen failures beyond one year; keyboard feel and speakers are considered mediocre."
ASUS,"TUF Gaming 15 (i7‑10870H, GTX 1660 Ti, 16GB/512GB)",€799.00,5.0 out of 5,1,https://www.amazon.nl/-/en/Display-i7-10870H-GeForce-Backlit-Keyboard/dp/B0B61TJJ36,Arrived in excellent condition and operates smoothly; overall performance meets expectations in day‑to‑day use.,No product-specific complaints.
Acer,"Aspire 17 A17‑51M‑77Z7 (i7‑13620H, 16GB/512GB)",€733.77,4.4 out of 5,29,https://www.amazon.nl/-/en/dp/B0BW8RY1KL/,"Fast performance for everyday use with a high-quality display; setup is straightforward and the design is attractive. Overall value for money is repeatedly highlighted, and preinstalled Windows 11 enables quick start-up.","Not suitable for gaming; some units run warm under load and produce noticeable fan/air outlet noise. Reports of dim/too-dark screen on certain devices, charging failures (no power/charge indicators), and intrusive preinstalled software (e.g., McAfee). Documentation is minimal and there is no optical drive, which may hinder specific workflows."
ACEMAGIC,"AX15, 15.6 inch FHD, 16GB DDR4 512GB SSD notebook, Quad-Core N97",€349.00,4.2 out of 5,84,https://www.amazon.nl/-/en/ACEMAGIC-Laptop-notebook-Quad-Core-stores/dp/B0D1MN947B,"Premium metal build and light design, with a sharp 15.6"" FHD display that’s comfortable for work, school, streaming and everyday use. The 16GB RAM + 512GB SSD combo delivers smooth multitasking and fast startups, and the port selection (USB 3.2, HDMI, USB‑C, Bluetooth 5.0) covers common connectivity needs.","Not suitable for demanding 3D gaming. Some units show unreliable Wi‑Fi/network adapters, modest speakers, and battery life around 3–4 hours during streaming; durability issues reported with the charging cable, plus occasional heat/fan noise and sluggish performance under load."
Lenovo,"Legion 5 16IRX9 (i7‑14650HX, RTX 4070, 32GB/1TB) [83DG00HTMH]","€1,799.00",0.0 out of 5,0,https://www.amazon.nl/-/en/Lenovo-Legion-83DG00HTMH-14650HX-Keyboard/dp/B0DC6P691J,No product-specific praises.,No product-specific complaints.
Lenovo,"Yoga Pro 7 AI 14AHP9 (Ryzen 7 8845HS, 16GB/512GB) [83E3002BMH]",€949.00,5.0 out of 5,0,https://www.amazon.nl/-/en/Lenovo-83E3002BMH-Display-Graphics-Keyboard/dp/B0DCGCYB2M,No product-specific praises.,No product-specific complaints.
HP,"15s‑fq5007sl (i5‑1235U, 16GB/512GB)",Currently unavailable,4.2 out of 5,178,https://www.amazon.nl/-/en/15s-fq5007sl-Notebook-i5-1235U-Display-anti-glare/dp/B0CP7V6SYC,"Lightweight and functional for office, streaming, and everyday use; the 12‑core CPU with 16GB RAM feels responsive, and with tuned settings it can handle older/light games at ~30–45 fps. Battery life up to ~7 hours is reported, and the I/O is practical (USB‑A, USB‑C, HDMI, microSD).","All‑plastic chassis feels thin and flimsy; display color accuracy issues (sepia tint) noted on some units. Performance can be inconsistent (slow/laggy out of the box for some; CPU not meeting advertised boost), speakers are weak, and the battery could be stronger; charger preference leans to USB‑C which may not be provided."
HP,"14s‑dq3000sl (Celeron N4500, 4GB/128GB)",€99.70,3.8 out of 5,37,https://www.amazon.nl/14s-dq3000sl-Anti-Glare-Bluetooth-Microsoft-included/dp/B0CNWFDV94,"Good value for money with decent materials; suitable for study/office tasks, and the color/size are appreciated for everyday use.","Performance is frequently described as slow with freezes and long update cycles; device and charger tend to overheat, and users report setup/software friction (e.g., Office activation) alongside occasional black screens, making it unreliable for timely work."