Source_Website,Category,Product_Name,Brand,Model_SKU,Price,Rating,Reviews,Availability,Condition
Bunnings,Toilet,Geberit Toilet Seat and Cover,Geberit,,2403.72,4.3,182,,
Bunnings,Toilet,Clark Dual Flush Toilet Suite Matte Black,Clark,,1095.74,4.5,81,,
Bunnings,Toilet,Dux Back to Wall Toilet Suite,Dux,,1110.08,3.9,142,,
Bunnings,Toilet,Toto Toilet Seat and Cover,Toto,,1003.69,4.3,5,,
Bunnings,Toilet,Caroma Wall Hung Toilet Suite,Caroma,,1548.13,4.2,184,,
Bunnings,Toilet,Geberit Rimless Toilet Suite Pro Black,Geberit,,1995.84,4.7,75,,
Bunnings,Toilet,Dorf Close Coupled Toilet Suite Classic,Dorf,,1493.54,4.3,14,,
Bunnings,Toilet,Dux Soft Close Toilet Seat,Dux,,2207.4,4.6,28,,
Bunnings,Toilet,Caroma Wall Faced Toilet Suite Premium,Caroma,,2120.69,4.4,64,,
Bunnings,Toilet,Mizu Back to Wall Toilet Suite,Mizu,,1396.41,4.6,146,,
Bunnings,Toilet,Dorf Dual Flush Toilet Suite Modern White,Dorf,,485.56,4.2,178,,
Bunnings,Toilet,Dux Wall Hung Toilet Suite Brushed Nickel,Dux,,1205.06,4.3,113,,
Bunnings,Toilet,Caroma Close Coupled Toilet Suite Standard,Caroma,,151.68,4.6,58,,
Bunnings,Toilet,Caroma Wall Hung Toilet Suite Pro,Caroma,,156.06,3.8,110,,
Bunnings,Toilet,Toto Wall Faced Toilet Suite Brushed Nickel,Toto,,2382.82,3.8,122,,
Bunnings,Toilet,Geberit Wall Hung Toilet Suite Chrome,Geberit,,2337.22,3.7,32,,
Bunnings,Toilet,Dux Dual Flush Toilet Suite,Dux,,2352.64,4.2,66,,
Bunnings,Toilet,Geberit Back to Wall Toilet Suite,Geberit,,2183.89,4.2,78,,
Bunnings,Toilet,Geberit Soft Close Toilet Seat,Geberit,,612.5,3.6,40,,
Bunnings,Toilet,Caroma Soft Close Toilet Seat,Caroma,,606.53,5.0,84,,
Bunnings,Toilet,Dux Close Coupled Toilet Suite,Dux,,1287.75,4.6,86,,
Bunnings,Toilet,Geberit Rimless Toilet Suite Standard,Geberit,,2272.29,4.9,16,,
Bunnings,Toilet,Roca Close Coupled Toilet Suite Elite,Roca,,2050.22,4.7,45,,
Bunnings,Toilet,Mizu Soft Close Toilet Seat,Mizu,,1468.6,4.1,197,,
Bunnings,Toilet,Clark Toilet Seat and Cover,Clark,,447.25,4.2,78,,
Bunnings,Toilet,Toto Wall Faced Toilet Suite,Toto,,1093.18,4.3,143,,
Bunnings,Toilet,Dorf Rimless Toilet Suite,Dorf,,380.84,4.3,136,,
Bunnings,Toilet,Clark Rimless Toilet Suite,Clark,,1437.86,3.7,168,,
Bunnings,Toilet,Dux Toilet Seat and Cover Classic,Dux,,1972.76,4.4,155,,
Bunnings,Toilet,Mizu Wall Faced Toilet Suite,Mizu,,424.38,4.3,9,,
Bunnings,Toilet,Dux Wall Faced Toilet Suite Gold,Dux,,948.14,4.0,46,,
Bunnings,Toilet,Roca Soft Close Toilet Seat,Roca,,779.95,4.0,62,,
Bunnings,Toilet,Clark Soft Close Toilet Seat Premium,Clark,,2460.83,3.6,64,,
Bunnings,Toilet,Dorf Back to Wall Toilet Suite Classic Brushed Nickel,Dorf,,1874.85,4.7,167,,
Bunnings,Toilet,Dorf Dual Flush Toilet Suite,Dorf,,1309.43,3.8,127,,
Bunnings,Toilet,Dux Wall Faced Toilet Suite,Dux,,375.27,4.2,23,,
Bunnings,Toilet,Mizu Rimless Toilet Suite,Mizu,,158.45,4.4,137,,
Bunnings,Toilet,Caroma Wall Faced Toilet Suite,Caroma,,1829.36,4.4,27,,
Bunnings,Toilet,Dorf Wall Hung Toilet Suite Gold,Dorf,,583.09,4.6,59,,
Bunnings,Toilet,Roca Soft Close Toilet Seat Standard,Roca,,294.25,4.0,79,,
Bunnings,Toilet,Geberit Rimless Toilet Suite Gold,Geberit,,1480.56,4.4,183,,
Bunnings,Toilet,Dorf Close Coupled Toilet Suite Standard,Dorf,,2023.94,3.6,132,,
Bunnings,Toilet,Dorf Toilet Seat and Cover,Dorf,,2414.67,4.3,20,,
Bunnings,Toilet,Roca Toilet Seat and Cover Premium Brushed Nickel,Roca,,1555.62,4.8,94,,
Bunnings,Toilet,Dorf Wall Faced Toilet Suite,Dorf,,1312.45,4.0,147,,
Bunnings,Tapware,Mizu Mixer Tap Premium,Mizu,,353.43,4.8,174,,
Bunnings,Tapware,Roca Single Lever Mixer,Roca,,273.26,4.3,87,,
Bunnings,Tapware,Dux Basin Mixer Tap,Dux,,339.08,4.8,43,,
Bunnings,Tapware,Mizu Waterfall Tap Standard,Mizu,,376.9,4.4,77,,
Bunnings,Tapware,Geberit Single Lever Mixer Premium,Geberit,,531.4,4.5,171,,
Bunnings,Tapware,Mizu Shower Mixer,Mizu,,558.4,4.2,93,,
Bunnings,Tapware,Caroma Wall Mounted Mixer,Caroma,,333.41,4.6,56,,
Bunnings,Tapware,Caroma Waterfall Tap Modern Chrome,Caroma,,499.21,4.1,144,,
Bunnings,Tapware,Dorf Basin Mixer Tap,Dorf,,263.9,4.5,46,,
Bunnings,Tapware,Clark Waterfall Tap,Clark,,185.77,4.0,172,,
Bunnings,Tapware,Clark Waterfall Tap Standard,Clark,,286.4,4.9,20,,
Bunnings,Tapware,Geberit Single Lever Mixer,Geberit,,597.92,3.9,148,,
Bunnings,Tapware,Geberit Basin Mixer Tap,Geberit,,269.21,4.2,16,,
Bunnings,Tapware,Clark Bath Mixer Tap,Clark,,719.38,4.1,45,,
Bunnings,Tapware,Mizu Wall Mounted Mixer Matte Black,Mizu,,357.62,4.4,82,,
Bunnings,Tapware,Dux Bath Mixer Tap Pro,Dux,,361.24,3.8,125,,
Bunnings,Tapware,Geberit Wall Mounted Mixer,Geberit,,188.01,4.9,177,,
Bunnings,Tapware,Mizu Bath Mixer Tap,Mizu,,605.76,4.2,135,,
Bunnings,Tapware,Dorf Mixer Tap,Dorf,,718.71,3.8,167,,
Bunnings,Tapware,Caroma Basin Mixer Tap,Caroma,,697.99,4.2,105,,
Bunnings,Tapware,Geberit Waterfall Tap,Geberit,,212.6,4.8,199,,
Bunnings,Tapware,Clark Wall Mounted Mixer Pro Black,Clark,,427.83,3.7,167,,
Bunnings,Tapware,Roca Shower Mixer,Roca,,111.86,3.8,96,,
Bunnings,Tapware,Geberit Shower Mixer Matte Black,Geberit,,537.88,3.8,70,,
Bunnings,Tapware,Dorf Waterfall Tap,Dorf,,237.01,3.7,10,,
Bunnings,Tapware,Geberit Shower Mixer Chrome,Geberit,,208.86,3.7,99,,
Bunnings,Tapware,Dorf Bathroom Tapware Set Standard Chrome,Dorf,,108.54,3.9,119,,
Bunnings,Tapware,Roca Bathroom Tapware Set Pro Chrome,Roca,,155.23,3.6,165,,
Bunnings,Tapware,Clark Wall Mounted Mixer,Clark,,496.8,4.4,188,,
Bunnings,Tapware,Toto Shower Mixer,Toto,,636.45,5.0,62,,
Bunnings,Tapware,Clark Wall Mounted Mixer Elite,Clark,,756.73,4.1,180,,
Bunnings,Tapware,Dorf Shower Mixer,Dorf,,782.62,3.6,12,,
Bunnings,Tapware,Mizu Waterfall Tap Gold,Mizu,,322.24,4.6,84,,
Bunnings,Tapware,Toto Mixer Tap,Toto,,759.73,4.7,111,,
Bunnings,Tapware,Geberit Shower Mixer Black,Geberit,,374.36,4.1,19,,
Bunnings,Tapware,Dux Wall Mounted Mixer Brushed Nickel,Dux,,74.7,4.7,111,,
Bunnings,Tapware,Caroma Mixer Tap Pro,Caroma,,266.74,4.1,120,,
Bunnings,Tapware,Dux Waterfall Tap Modern White,Dux,,586.53,3.9,163,,
Bunnings,Tapware,Clark Basin Mixer Tap Brushed Nickel,Clark,,231.73,4.5,25,,
Bunnings,Tapware,Geberit Shower Mixer,Geberit,,627.69,4.8,34,,
Bunnings,Tapware,Dux Shower Mixer Standard,Dux,,738.07,4.8,13,,
Bunnings,Tapware,Dux Bath Mixer Tap Elite,Dux,,560.59,3.9,50,,
Bunnings,Tapware,Mizu Bathroom Tapware Set,Mizu,,483.43,5.0,29,,
Bunnings,Tapware,Mizu Wall Mounted Mixer,Mizu,,57.13,4.5,100,,
Bunnings,Tapware,Toto Bath Mixer Tap,Toto,,192.29,5.0,151,,
Bunnings,Basin,Geberit Top Mount Basin,Geberit,,383.38,3.9,115,,
Bunnings,Basin,Dorf Above Counter Basin,Dorf,,353.46,4.9,70,,
Bunnings,Basin,Geberit Corner Basin,Geberit,,389.44,3.7,83,,
Bunnings,Basin,Dux Semi Recessed Basin,Dux,,1012.47,4.6,189,,
Bunnings,Basin,Dorf Semi Recessed Basin,Dorf,,973.53,4.2,80,,
Bunnings,Basin,Toto Semi Recessed Basin,Toto,,666.96,4.0,176,,
Bunnings,Basin,Roca Top Mount Basin,Roca,,1029.99,4.7,61,,
Bunnings,Basin,Caroma Above Counter Basin,Caroma,,510.83,4.5,200,,
Bunnings,Basin,Toto Vanity Basin Classic,Toto,,214.23,4.3,8,,
Bunnings,Basin,Dux Above Counter Basin,Dux,,237.65,4.2,159,,
Bunnings,Basin,Dux Pedestal Basin Elite,Dux,,187.19,3.6,65,,
Bunnings,Basin,Toto Top Mount Basin,Toto,,1092.47,3.8,186,,
Bunnings,Basin,Dux Pedestal Basin Standard,Dux,,776.45,3.8,118,,
Bunnings,Basin,Roca Undermount Basin,Roca,,367.2,3.9,103,,
Bunnings,Basin,Dorf Undermount Basin Classic,Dorf,,368.5,3.9,189,,
Bunnings,Basin,Clark Corner Basin,Clark,,303.86,3.6,51,,
Bunnings,Basin,Dorf Corner Basin Modern,Dorf,,893.2,3.8,95,,
Bunnings,Basin,Dorf Top Mount Basin Standard Chrome,Dorf,,986.83,3.6,165,,
Bunnings,Basin,Toto Undermount Basin Premium,Toto,,528.1,4.9,61,,
Bunnings,Basin,Dorf Above Counter Basin Pro,Dorf,,552.64,4.4,132,,
Bunnings,Basin,Roca Corner Basin,Roca,,516.96,4.0,148,,
Bunnings,Basin,Dux Undermount Basin White,Dux,,1121.43,4.6,114,,
Bunnings,Basin,Dux Undermount Basin Elite,Dux,,900.36,4.3,58,,
Bunnings,Basin,Dorf Wall Hung Basin Classic,Dorf,,590.45,4.8,98,,
Bunnings,Basin,Toto Pedestal Basin Premium Brushed Nickel,Toto,,676.84,4.4,138,,
Bunnings,Basin,Mizu Wall Hung Basin Modern,Mizu,,956.53,4.8,91,,
Bunnings,Basin,Caroma Pedestal Basin,Caroma,,310.43,3.5,30,,
Bunnings,Basin,Dorf Corner Basin,Dorf,,873.92,4.5,102,,
Bunnings,Basin,Caroma Top Mount Basin Pro,Caroma,,481.07,3.7,179,,
Bunnings,Basin,Mizu Pedestal Basin,Mizu,,590.2,4.2,34,,
Bunnings,Basin,Dorf Pedestal Basin,Dorf,,101.91,3.6,54,,
Bunnings,Basin,Geberit Vanity Basin,Geberit,,784.93,3.8,192,,
Bunnings,Basin,Caroma Above Counter Basin Classic,Caroma,,1064.18,3.8,147,,
Bunnings,Basin,Dux Vanity Basin,Dux,,1098.05,4.5,50,,
Bunnings,Basin,Clark Vanity Basin Modern,Clark,,1198.77,3.7,116,,
Bunnings,Basin,Dux Above Counter Basin Elite Chrome,Dux,,235.88,4.9,193,,
Bunnings,Basin,Roca Corner Basin Premium,Roca,,326.84,3.7,145,,
Bunnings,Basin,Dorf Top Mount Basin,Dorf,,234.82,4.5,187,,
Bunnings,Basin,Dux Pedestal Basin,Dux,,1173.82,5.0,126,,
Bunnings,Basin,Caroma Top Mount Basin Gold,Caroma,,841.99,3.7,199,,
Bunnings,Basin,Dorf Wall Hung Basin,Dorf,,831.13,3.6,72,,
Bunnings,Basin,Roca Pedestal Basin Standard,Roca,,1120.67,4.9,29,,
Bunnings,Basin,Mizu Above Counter Basin,Mizu,,488.85,4.2,155,,
Bunnings,Basin,Dux Corner Basin,Dux,,308.43,4.9,196,,
Bunnings,Basin,Dorf Vanity Basin,Dorf,,129.16,4.3,43,,
Bunnings,Bathtub,Dux Bath Panel,Dux,,2367.18,4.3,47,,
Bunnings,Bathtub,Dorf Drop In Bath Standard Brushed Nickel,Dorf,,2304.44,3.6,45,,
Bunnings,Bathtub,Clark Bath Panel,Clark,,4218.01,4.0,39,,
Bunnings,Bathtub,Toto Steel Bath,Toto,,2207.02,3.8,187,,
Bunnings,Bathtub,Dorf Corner Bath,Dorf,,4396.1,4.2,60,,
Bunnings,Bathtub,Dux Steel Bath Matte Black,Dux,,495.7,4.1,79,,
Bunnings,Bathtub,Caroma Bath Panel Standard,Caroma,,4986.21,3.8,10,,
Bunnings,Bathtub,Mizu Spa Bath,Mizu,,4327.38,3.5,5,,
Bunnings,Bathtub,Mizu Freestanding Bath,Mizu,,3644.91,4.9,143,,
Bunnings,Bathtub,Dux Steel Bath,Dux,,615.77,3.7,195,,
Bunnings,Bathtub,Dorf Drop In Bath,Dorf,,479.85,4.3,113,,
Bunnings,Bathtub,Roca Steel Bath,Roca,,1772.49,4.8,79,,
Bunnings,Bathtub,Caroma Cast Iron Bath,Caroma,,1793.73,4.5,78,,
Bunnings,Bathtub,Mizu Bath Panel,Mizu,,568.82,4.3,192,,
Bunnings,Bathtub,Toto Bath Panel Standard,Toto,,1076.12,4.3,153,,
Bunnings,Bathtub,Toto Acrylic Bath Brushed Nickel,Toto,,2945.1,4.2,21,,
Bunnings,Bathtub,Dorf Acrylic Bath Pro,Dorf,,4918.89,4.5,83,,
Bunnings,Bathtub,Dorf Bath Panel,Dorf,,2956.48,4.6,112,,
Bunnings,Bathtub,Roca Drop In Bath Pro Gold,Roca,,1321.27,4.1,37,,
Bunnings,Bathtub,Dux Spa Bath,Dux,,3780.46,4.3,145,,
Bunnings,Bathtub,Dux Cast Iron Bath,Dux,,4649.82,3.9,83,,
Bunnings,Bathtub,Dux Steel Bath Modern,Dux,,3928.0,4.4,30,,
Bunnings,Bathtub,Dux Cast Iron Bath Black,Dux,,431.37,4.8,165,,
Bunnings,Bathtub,Caroma Freestanding Bath Standard,Caroma,,1365.91,4.9,181,,
Bunnings,Bathtub,Mizu Drop In Bath Elite,Mizu,,2419.54,3.5,9,,
Bunnings,Bathtub,Clark Drop In Bath Chrome,Clark,,3360.55,4.3,183,,
Bunnings,Bathtub,Mizu Corner Bath,Mizu,,1147.05,4.3,126,,
Bunnings,Bathtub,Clark Corner Bath Classic,Clark,,3470.16,4.2,143,,
Bunnings,Bathtub,Dorf Freestanding Bath Pro,Dorf,,932.83,4.5,23,,
Bunnings,Bathtub,Mizu Steel Bath,Mizu,,589.3,4.5,158,,
Bunnings,Bathtub,Toto Drop In Bath Black,Toto,,4302.64,3.8,69,,
Bunnings,Bathtub,Roca Freestanding Bath,Roca,,4843.42,4.1,117,,
Bunnings,Bathtub,Caroma Corner Bath,Caroma,,3428.37,4.6,9,,
Bunnings,Bathtub,Dorf Freestanding Bath,Dorf,,2494.54,3.8,110,,
Bunnings,Bathtub,Dux Steel Bath Gold,Dux,,2595.56,4.5,118,,
Bunnings,Bathtub,Roca Corner Bath Premium,Roca,,1179.89,4.7,172,,
Bunnings,Bathtub,Dorf Freestanding Bath Classic,Dorf,,647.5,4.2,117,,
Bunnings,Bathtub,Dorf Bath Panel Standard Black,Dorf,,2780.48,4.5,32,,
Bunnings,Bathtub,Mizu Freestanding Bath White,Mizu,,1006.92,4.8,139,,
Bunnings,Bathtub,Roca Drop In Bath Elite,Roca,,2661.91,3.9,51,,
Bunnings,Bathtub,Toto Drop In Bath,Toto,,2982.37,4.1,167,,
Bunnings,Bathtub,Caroma Freestanding Bath Classic,Caroma,,1906.79,3.6,186,,
Bunnings,Bathtub,Caroma Steel Bath Standard Chrome,Caroma,,329.19,3.8,117,,
Bunnings,Bathtub,Roca Corner Bath,Roca,,3590.79,3.8,133,,
Bunnings,Bathtub,Roca Bath Panel,Roca,,2725.81,4.6,36,,
Bunnings,Bathtub,Caroma Steel Bath Modern,Caroma,,711.38,4.3,136,,
Bunnings,Vanity,Geberit Corner Vanity Unit Classic,Geberit,,588.28,4.5,131,,
Bunnings,Vanity,Mizu Medicine Cabinet,Mizu,,2625.74,4.1,151,,
Bunnings,Vanity,Caroma Medicine Cabinet Modern,Caroma,,1967.22,3.5,178,,
Bunnings,Vanity,Caroma Corner Vanity Unit Matte Black,Caroma,,2958.7,4.9,22,,
Bunnings,Vanity,Roca Floor Standing Vanity Standard Gold,Roca,,211.89,4.7,102,,
Bunnings,Vanity,Caroma Bathroom Storage Unit,Caroma,,1801.95,4.9,15,,
Bunnings,Vanity,Dorf Double Basin Vanity,Dorf,,2654.02,3.8,65,,
Bunnings,Vanity,Roca Corner Vanity Unit,Roca,,2202.87,3.7,63,,
Bunnings,Vanity,Dux Vanity Cabinet,Dux,,295.42,3.9,9,,
Bunnings,Vanity,Geberit Wall Hung Vanity,Geberit,,2002.37,4.4,114,,
Bunnings,Vanity,Toto Vanity Cabinet,Toto,,1887.3,4.5,116,,
Bunnings,Vanity,Toto Wall Hung Vanity Elite,Toto,,1920.18,4.0,73,,
Bunnings,Vanity,Clark Floor Standing Vanity,Clark,,1573.71,3.8,197,,
Bunnings,Vanity,Toto Mirror Cabinet Chrome,Toto,,2557.61,4.0,49,,
Bunnings,Vanity,Toto Vanity Cabinet Elite,Toto,,904.7,3.6,41,,
Bunnings,Vanity,Toto Floor Standing Vanity Standard,Toto,,2827.03,4.4,105,,
Bunnings,Vanity,Clark Vanity Cabinet,Clark,,819.13,4.5,58,,
Bunnings,Vanity,Geberit Vanity Cabinet,Geberit,,1071.38,4.0,119,,
Bunnings,Vanity,Mizu Corner Vanity Unit Standard,Mizu,,634.83,3.9,83,,
Bunnings,Vanity,Dorf Double Basin Vanity Pro,Dorf,,1312.48,4.6,159,,
Bunnings,Vanity,Clark Vanity Cabinet Pro,Clark,,1772.5,4.2,37,,
Bunnings,Vanity,Dorf Floor Standing Vanity,Dorf,,611.4,4.6,168,,
Bunnings,Vanity,Dux Double Basin Vanity,Dux,,542.95,4.3,66,,
Bunnings,Vanity,Roca Vanity Cabinet,Roca,,2594.89,3.7,87,,
Bunnings,Vanity,Roca Vanity Cabinet Black,Roca,,2306.99,5.0,47,,
Bunnings,Vanity,Caroma Medicine Cabinet,Caroma,,828.86,4.8,55,,
Bunnings,Vanity,Dux Corner Vanity Unit Modern,Dux,,1124.11,4.7,190,,
Bunnings,Vanity,Dux Medicine Cabinet Premium,Dux,,2241.47,3.9,9,,
Bunnings,Vanity,Roca Mirror Cabinet Premium,Roca,,2236.54,4.4,85,,
Bunnings,Vanity,Caroma Corner Vanity Unit,Caroma,,2411.8,4.6,116,,
Bunnings,Vanity,Roca Floor Standing Vanity Modern,Roca,,2038.81,4.8,171,,
Bunnings,Vanity,Dux Bathroom Storage Unit,Dux,,399.81,4.0,106,,
Bunnings,Vanity,Dux Corner Vanity Unit,Dux,,705.78,4.3,43,,
Bunnings,Vanity,Mizu Bathroom Storage Unit,Mizu,,1651.57,3.7,140,,
Bunnings,Vanity,Clark Vanity Cabinet Elite,Clark,,298.67,4.1,19,,
Bunnings,Vanity,Geberit Corner Vanity Unit,Geberit,,618.03,4.0,85,,
Bunnings,Vanity,Toto Floor Standing Vanity,Toto,,689.25,3.7,104,,
Bunnings,Vanity,Clark Medicine Cabinet Modern,Clark,,938.53,3.9,48,,
Bunnings,Vanity,Dux Wall Hung Vanity Classic,Dux,,2454.46,4.4,134,,
Bunnings,Vanity,Clark Bathroom Storage Unit,Clark,,2893.07,3.7,84,,
Bunnings,Vanity,Dorf Vanity Cabinet,Dorf,,2581.51,4.8,174,,
Bunnings,Vanity,Mizu Floor Standing Vanity Premium,Mizu,,1753.67,4.9,187,,
Bunnings,Vanity,Toto Corner Vanity Unit,Toto,,2428.64,3.9,152,,
Bunnings,Vanity,Geberit Double Basin Vanity Classic Brushed Nickel,Geberit,,1430.47,4.3,149,,
Bunnings,Drainage,Toto Bathroom Drain Cover,Toto,,218.82,4.3,196,,
Bunnings,Drainage,Dorf Linear Drain,Dorf,,158.85,3.9,88,,
Bunnings,Drainage,Roca Floor Drain,Roca,,102.38,3.9,75,,
Bunnings,Drainage,Toto Floor Drain Premium Matte Black,Toto,,44.83,4.2,95,,
Bunnings,Drainage,Geberit Floor Waste Cover,Geberit,,251.76,4.7,97,,
Bunnings,Drainage,Caroma Shower Drain,Caroma,,76.28,3.6,132,,
Bunnings,Drainage,Geberit Click Clack Waste,Geberit,,221.36,4.6,134,,
Bunnings,Drainage,Dux Shower Drain,Dux,,286.23,4.8,157,,
Bunnings,Drainage,Roca Linear Drain Standard,Roca,,242.37,4.1,87,,
Bunnings,Drainage,Clark Linear Drain,Clark,,283.9,4.6,71,,
Bunnings,Drainage,Dux Shower Drain Classic,Dux,,103.91,3.5,128,,
Bunnings,Drainage,Dux Bathroom Waste,Dux,,87.09,4.8,127,,
Bunnings,Drainage,Caroma Linear Drain Gold,Caroma,,277.93,3.7,134,,
Bunnings,Drainage,Geberit Linear Drain,Geberit,,180.65,4.9,25,,
Bunnings,Drainage,Toto Shower Drain Matte Black,Toto,,129.69,3.9,43,,
Bunnings,Drainage,Toto Floor Drain,Toto,,201.75,3.5,57,,
Bunnings,Drainage,Dorf Floor Waste Cover,Dorf,,131.76,4.7,149,,
Bunnings,Drainage,Clark Bathroom Waste,Clark,,44.5,4.1,151,,
Bunnings,Drainage,Toto Pop Up Waste Elite,Toto,,149.34,4.5,105,,
Bunnings,Drainage,Geberit Bathroom Waste Standard,Geberit,,253.66,3.9,168,,
Bunnings,Drainage,Caroma Click Clack Waste White,Caroma,,205.73,3.6,128,,
Bunnings,Drainage,Toto Shower Drain,Toto,,225.7,3.9,79,,
Bunnings,Drainage,Roca Linear Drain Gold,Roca,,153.91,3.8,18,,
Bunnings,Drainage,Dorf Bathroom Waste Gold,Dorf,,153.02,4.7,118,,
Bunnings,Drainage,Clark Pop Up Waste,Clark,,130.24,4.2,168,,
Bunnings,Drainage,Dorf Pop Up Waste,Dorf,,156.29,4.0,44,,
Bunnings,Drainage,Mizu Shower Drain Premium,Mizu,,284.11,4.2,174,,
Bunnings,Drainage,Caroma Floor Drain,Caroma,,198.02,3.6,47,,
Bunnings,Drainage,Toto Click Clack Waste,Toto,,37.86,3.6,63,,
Bunnings,Drainage,Dux Bathroom Drain Cover Classic,Dux,,220.15,3.5,89,,
Bunnings,Drainage,Clark Shower Drain Standard,Clark,,296.52,4.7,142,,
Bunnings,Drainage,Geberit Pop Up Waste,Geberit,,264.88,4.7,39,,
Bunnings,Drainage,Dorf Bathroom Drain Cover Brushed Nickel,Dorf,,195.35,4.1,161,,
Bunnings,Drainage,Geberit Floor Drain,Geberit,,293.34,4.8,66,,
Bunnings,Drainage,Roca Bathroom Drain Cover Standard,Roca,,118.21,4.0,78,,
Bunnings,Drainage,Clark Linear Drain Standard,Clark,,97.67,4.5,98,,
Bunnings,Drainage,Dorf Shower Drain,Dorf,,209.47,4.7,81,,
Bunnings,Drainage,Dux Bathroom Drain Cover Pro,Dux,,109.23,4.7,53,,
Bunnings,Drainage,Clark Bathroom Drain Cover,Clark,,219.39,4.2,147,,
Bunnings,Drainage,Toto Pop Up Waste,Toto,,103.71,3.7,112,,
Bunnings,Drainage,Clark Shower Drain Premium,Clark,,222.45,4.0,100,,
Bunnings,Drainage,Geberit Floor Waste Cover Premium,Geberit,,262.42,4.3,80,,
Reece,Toilet,Roca Close Coupled Toilet Suite,,RA7440X,2093.16,4.2,53,,
Reece,Toilet,Dorf Soft Close Toilet Seat Chrome,,DF6621,859.1,4.4,46,,
Reece,Toilet,Geberit Smart Toilet Suite,,GI4328,1262.81,3.9,25,,
Reece,Toilet,Paris Wall Hung Toilet Suite,,PA5422,437.36,4.1,37,,
Reece,Toilet,Caroma Soft Close Toilet Seat,,CM5815,2434.53,4.0,119,,
Reece,Toilet,Caroma Rimless Toilet Suite Plus,,CA3013C,2467.8,4.3,126,,
Reece,Toilet,Geberit Wall Hung Toilet Suite,,GI2875X,388.48,4.4,150,,
Reece,Toilet,Paris Dual Flush Toilet Suite Brass,,PR9890C,1235.69,4.2,103,,
Reece,Toilet,Clark Wall Faced Toilet Suite Black,,CR6858A,296.66,4.2,42,,
Reece,Toilet,Reece Back to Wall Toilet Suite,,RE5707ELITE,1611.59,4.0,61,,
Reece,Toilet,Paris Toilet Seat and Cover Gold,,PA3609A,284.95,3.9,114,,
Reece,Toilet,Dux Back to Wall Toilet Suite,,DW2957ELITE,1456.08,4.7,115,,
Reece,Toilet,Geberit Back to Wall Toilet Suite Pro Brass,,GE7482C,2906.05,3.9,107,,
Reece,Toilet,Clark Smart Toilet Suite Plus Brass,,CL8457ELITE,2201.45,5.0,61,,
Reece,Toilet,Roca Rimless Toilet Suite Premium,,RO4927,2896.64,4.9,85,,
Reece,Toilet,Geberit Dual Flush Toilet Suite Standard,,GE8718X,1265.62,4.3,104,,
Reece,Toilet,Clark Smart Toilet Suite Modern,,CR2789ELITE,952.98,4.6,25,,
Reece,Toilet,Paris Toilet Seat and Cover Pro Brushed Nickel,,PA2372C,2952.58,3.8,87,,
Reece,Toilet,Toto Smart Toilet Suite,,TT4208X,2285.72,4.1,56,,
Reece,Toilet,Toto Soft Close Toilet Seat Black,,TA2515,1547.34,4.5,88,,
Reece,Toilet,Paris Soft Close Toilet Seat Plus Chrome,,PI235A,1424.87,4.0,139,,
Reece,Toilet,Dorf In-Wall Toilet Suite,,DO7984PRO,882.65,4.0,53,,
Reece,Toilet,Caroma In-Wall Toilet Suite,,CA9873,2233.11,4.5,135,,
Reece,Toilet,Geberit Wall Hung Toilet Suite Classic Gold,,GB3692B,1132.89,4.2,148,,
Reece,Tapware,Caroma Bath Mixer Tap Classic,,CM5916C,171.41,4.7,44,,
Reece,Tapware,Reece Bathroom Tapware Set Standard,,RC9581B,315.82,4.9,64,,
Reece,Tapware,Clark Basin Mixer Tap Matte Black,,CL9128B,1061.6,4.8,140,,
Reece,Tapware,Dux Basin Mixer Tap Elite Gold,,DW1536ELITE,720.43,4.8,24,,
Reece,Tapware,Reece Shower Mixer,,RI3940X,1022.59,4.8,54,,
Reece,Tapware,Geberit Single Lever Mixer Premium,,GE7111C,1077.57,4.4,32,,
Reece,Tapware,Paris Wall Mounted Mixer Plus Matte Black,,PI9613X,571.53,4.7,150,,
Reece,Tapware,Paris Waterfall Tap Black,,PA2470ELITE,179.09,4.4,63,,
Reece,Tapware,Dux Basin Mixer Tap Pro Matte Black,,DX8297ELITE,631.81,4.9,110,,
Reece,Tapware,Paris Bathroom Tapware Set White,,PR762A,111.58,4.7,62,,
Reece,Tapware,Clark Waterfall Tap White,,CK2157C,223.67,4.0,4,,
Reece,Tapware,Dorf Bathroom Tapware Set Chrome,,DO7154ELITE,504.82,3.8,64,,
Reece,Tapware,Geberit Bath Mixer Tap Pro,,GB8774PRO,726.95,5.0,117,,
Reece,Tapware,Caroma Sensor Tap Classic,,CM9711B,624.01,4.7,92,,
Reece,Tapware,Geberit Waterfall Tap Premium,,GE1216A,1000.65,3.9,141,,
Reece,Tapware,Geberit Single Lever Mixer Classic Chrome,,GE5915X,216.08,4.5,68,,
Reece,Tapware,Roca Commercial Tapware Brushed Nickel,,RA9081PRO,373.07,4.3,117,,
Reece,Tapware,Clark Basin Mixer Tap,,CL5665B,1099.5,4.9,135,,
Reece,Tapware,Reece Mixer Tap,,RC2229ELITE,647.95,4.0,150,,
Reece,Tapware,Caroma Bathroom Tapware Set,,CA7501A,661.81,4.4,8,,
Reece,Tapware,Dorf Bath Mixer Tap Premium Chrome,,DF6043ELITE,261.67,3.9,26,,
Reece,Tapware,Caroma Shower Mixer Gold,,CW5750A,765.26,4.4,81,,
Reece,Tapware,Dux Basin Mixer Tap White,,DW2083ELITE,854.53,5.0,96,,
Reece,Tapware,Dorf Single Lever Mixer,,DO8162PRO,463.43,4.8,89,,
Reece,Tapware,Clark Bathroom Tapware Set Brushed Nickel,,CL9961A,493.95,3.9,114,,
Reece,Basin,Paris Vessel Basin Plus,,PA2498X,604.08,4.1,67,,
Reece,Basin,Toto Above Counter Basin Chrome,,TT6037X,1125.64,4.6,89,,
Reece,Basin,Toto Undermount Basin Premium,,TA3707,1162.11,4.5,32,,
Reece,Basin,Geberit Pedestal Basin,,GI8242C,321.56,4.8,39,,
Reece,Basin,Paris Vanity Basin,,PI7658B,197.35,4.0,89,,
Reece,Basin,Clark Top Mount Basin Standard Brass,,CL6327A,1520.27,4.9,66,,
Reece,Basin,Clark Counter Top Basin Classic,,CL5632X,1552.12,4.2,76,,
Reece,Basin,Mizu Pedestal Basin Classic Black,,MI959B,455.24,4.6,127,,
Reece,Basin,Reece Vanity Basin Black,,RI124,619.15,4.6,120,,
Reece,Basin,Dorf Undermount Basin Classic Brushed Nickel,,DR6949C,1129.94,4.6,61,,
Reece,Basin,Caroma Semi Recessed Basin,,CM926B,1728.26,4.4,49,,
Reece,Basin,Toto Pedestal Basin,,TT378X,372.28,5.0,127,,
Reece,Basin,Geberit Corner Basin Plus,,GI2696ELITE,1680.36,4.5,107,,
Reece,Basin,Geberit Semi Recessed Basin Brushed Nickel,,GE1506B,403.61,4.6,5,,
Reece,Basin,Reece Counter Top Basin Chrome,,RI5975A,203.77,4.3,85,,
Reece,Basin,Clark Vessel Basin,,CR1526X,213.88,4.1,19,,
Reece,Basin,Toto Undermount Basin Classic,,TO9337PRO,972.12,4.7,135,,
Reece,Basin,Dorf Undermount Basin,,DF5976A,538.37,3.8,37,,
Reece,Basin,Roca Undermount Basin,,RO4230ELITE,252.24,5.0,108,,
Reece,Basin,Dorf Counter Top Basin,,DR8030X,873.11,4.9,27,,
Reece,Basin,Geberit Counter Top Basin Brass,,GB9355A,994.58,4.6,124,,
Reece,Basin,Roca Top Mount Basin Standard,,RC4268A,300.84,3.9,126,,
Reece,Basin,Reece Top Mount Basin Standard,,RE1961A,757.31,4.2,38,,
Reece,Basin,Dorf Top Mount Basin Matte Black,,DR3323B,953.6,4.9,17,,
Reece,Basin,Geberit Semi Recessed Basin Chrome,,GI5230,214.41,4.8,136,,
Reece,Bathtub,Reece Freestanding Bath White,,RC6916C,4412.86,4.4,14,,
Reece,Bathtub,Dux Soaking Bath Modern,,DX3347A,7529.57,3.8,135,,
Reece,Bathtub,Dux Drop In Bath Classic,,DW1214X,5789.47,4.3,11,,
Reece,Bathtub,Roca Whirlpool Bath Gold,,RO9170PRO,4793.6,4.9,6,,
Reece,Bathtub,Roca Acrylic Bath Standard,,RC8568A,1854.29,4.6,31,,
Reece,Bathtub,Dorf Acrylic Bath,,DR2494PRO,7918.73,4.6,130,,
Reece,Bathtub,Dorf Freestanding Bath Pro,,DR3370B,3252.88,4.5,61,,
Reece,Bathtub,Toto Spa Bath Classic,,TO2074ELITE,1388.06,4.9,105,,
Reece,Bathtub,Toto Cast Iron Bath,,TO605X,2940.69,4.4,12,,
Reece,Bathtub,Dux Spa Bath,,DW637B,3904.65,3.8,61,,
Reece,Bathtub,Caroma Bath Panel,,CW770PRO,7587.39,4.4,124,,
Reece,Bathtub,Mizu Soaking Bath Classic Brass,,MI9673B,7225.64,4.0,12,,
Reece,Bathtub,Clark Corner Bath Brushed Nickel,,CK4492ELITE,3647.03,4.2,60,,
Reece,Bathtub,Clark Cast Iron Bath Gold,,CL6069,522.31,4.7,49,,
Reece,Bathtub,Mizu Cast Iron Bath,,MI6146PRO,2636.02,4.7,130,,
Reece,Bathtub,Caroma Steel Bath Standard,,CM5333PRO,3726.68,3.9,30,,
Reece,Bathtub,Reece Soaking Bath White,,RE863X,1435.67,4.4,20,,
Reece,Bathtub,Roca Spa Bath Classic,,RO2009PRO,3522.59,4.5,68,,
Reece,Bathtub,Clark Corner Bath,,CR7362,6015.63,4.6,103,,
Reece,Bathtub,Reece Acrylic Bath Pro,,RC8685B,7527.37,4.2,88,,
Reece,Bathtub,Caroma Drop In Bath Black,,CW8941B,1557.84,4.3,71,,
Reece,Bathtub,Toto Spa Bath,,TT6653PRO,4094.28,4.8,45,,
Reece,Bathtub,Mizu Steel Bath Standard Gold,,MI8410B,5355.06,5.0,104,,
Reece,Bathtub,Clark Steel Bath,,CK1227X,1355.22,5.0,150,,
Reece,Vanity,Clark Medicine Cabinet Plus,,CR4836B,4133.98,4.4,61,,
Reece,Vanity,Caroma Floating Vanity Standard,,CM2090ELITE,4275.94,5.0,93,,
Reece,Vanity,Dorf Double Basin Vanity Chrome,,DR7609PRO,3218.82,4.1,32,,
Reece,Vanity,Toto Mirror Cabinet Plus Brass,,TT2449X,3248.12,3.8,140,,
Reece,Vanity,Paris Medicine Cabinet Standard,,PI2595ELITE,4087.22,4.1,146,,
Reece,Vanity,Clark Custom Vanity,,CK6367,3968.12,5.0,75,,
Reece,Vanity,Mizu Custom Vanity Elite Brass,,MZ9072ELITE,2751.61,3.8,4,,
Reece,Vanity,Caroma Floating Vanity Premium Brass,,CM7232,2774.81,5.0,10,,
Reece,Vanity,Paris Wall Hung Vanity Premium,,PA4672,4179.45,4.7,150,,
Reece,Vanity,Reece Double Basin Vanity,,RI5466,2626.13,4.6,137,,
Reece,Vanity,Reece Floating Vanity Pro,,RI4531X,2321.68,3.9,26,,
Reece,Vanity,Caroma Custom Vanity,,CA2767ELITE,2124.26,4.9,107,,
Reece,Vanity,Mizu Floating Vanity Gold,,MU3701B,1938.95,5.0,122,,
Reece,Vanity,Roca Floating Vanity,,RA3998X,2136.08,3.9,4,,
Reece,Vanity,Toto Bathroom Storage Unit Pro,,TA6614B,1009.32,4.6,31,,
Reece,Vanity,Clark Medicine Cabinet,,CK123PRO,3375.18,4.1,29,,
Reece,Vanity,Toto Custom Vanity,,TO2405C,1231.93,4.8,133,,
Reece,Vanity,Dux Bathroom Storage Unit,,DW7585C,1693.84,3.9,41,,
Reece,Vanity,Roca Wall Hung Vanity,,RA6828ELITE,4572.76,4.0,73,,
Reece,Vanity,Dux Medicine Cabinet Chrome,,DU422PRO,3989.87,4.3,76,,
Reece,Vanity,Geberit Wall Hung Vanity,,GI1719PRO,1379.94,4.6,36,,
Reece,Vanity,Dux Medicine Cabinet Plus Black,,DU8798,1555.34,4.4,115,,
Reece,Vanity,Clark Mirror Cabinet,,CK4128PRO,3536.37,4.3,56,,
Reece,Vanity,Toto Vanity Cabinet,,TA7595,2461.06,4.7,28,,
Reece,Vanity,Toto Floor Standing Vanity Brass,,TO8619ELITE,2096.72,4.5,95,,
Reece,Drainage,Mizu Pop Up Waste,,MI8473X,360.34,4.8,92,,
Reece,Drainage,Caroma Click Clack Waste Classic,,CW9207X,113.7,4.9,69,,
Reece,Drainage,Reece Linear Drain Plus,,RC9754ELITE,323.13,4.4,72,,
Reece,Drainage,Dux Linear Drain,,DU2215,421.61,4.3,97,,
Reece,Drainage,Dux Click Clack Waste,,DU190PRO,252.43,4.2,149,,
Reece,Drainage,Reece Pop Up Waste White,,RC8837,317.44,4.1,108,,
Reece,Drainage,Dorf Click Clack Waste Chrome,,DF4338A,285.97,4.2,94,,
Reece,Drainage,Clark Shower Drain Classic,,CL5662ELITE,482.01,4.4,33,,
Reece,Drainage,Reece Floor Waste Cover Matte Black,,RC8042ELITE,363.86,4.6,40,,
Reece,Drainage,Caroma Linear Drain White,,CW2327A,212.78,4.9,66,,
Reece,Drainage,Dorf Floor Waste Cover Brass,,DR9607PRO,52.89,4.0,68,,
Reece,Drainage,Roca Pop Up Waste Standard,,RC8224,225.91,4.1,72,,
Reece,Drainage,Geberit Floor Drain,,GI6290B,105.87,4.9,56,,
Reece,Drainage,Roca Grate Drain,,RA2666,62.01,4.2,18,,
Reece,Drainage,Dux Floor Drain,,DW4598ELITE,101.17,4.1,136,,
Reece,Drainage,Roca Shower Drain,,RA8399A,255.41,4.8,146,,
Reece,Drainage,Reece Floor Drain,,RI1336,404.0,4.5,54,,
Reece,Drainage,Dorf Shower Drain Elite,,DF6645B,290.17,4.6,63,,
Reece,Drainage,Caroma Click Clack Waste,,CW2367PRO,207.1,4.2,116,,
Reece,Drainage,Clark Grate Drain,,CL5155C,293.13,4.8,62,,
Reece,Drainage,Toto Bathroom Drain Cover Plus,,TO507C,360.71,3.9,122,,
Reece,Drainage,Clark Linear Drain Plus,,CR3483ELITE,455.28,4.1,122,,
Reece,Drainage,Roca Linear Drain,,RO6071ELITE,243.7,4.8,139,,
Reece,Drainage,Caroma Bathroom Waste,,CM3254PRO,268.59,4.7,115,,
Reece,Drainage,Reece Linear Drain Standard Black,,RE3040C,406.97,4.2,5,,
eBay,Toilet,Dux Smart Toilet Suite,,,1217.49,,,Paid,New
eBay,Toilet,Dux Wall Hung Toilet Suite White,,,1405.49,,,Free,Refurbished
eBay,Toilet,Roca Smart Toilet Suite Classic,,,358.87,,,Free,Used
eBay,Toilet,Paris Rimless Toilet Suite,,,1135.29,,,Paid,Refurbished
eBay,Toilet,Dux Toilet Seat and Cover,,,869.16,,,Paid,Used
eBay,Toilet,Dux Soft Close Toilet Seat,,,1959.96,,,Paid,New
eBay,Toilet,Caroma Back to Wall Toilet Suite,,,1499.02,,,Free,Refurbished
eBay,Toilet,Reece Close Coupled Toilet Suite,,,728.73,,,Free,Refurbished
eBay,Toilet,Roca Soft Close Toilet Seat,,,979.22,,,Free,Refurbished
eBay,Toilet,Mizu Wall Faced Toilet Suite,,,1411.78,,,Paid,New
eBay,Toilet,Dorf Back to Wall Toilet Suite,,,250.34,,,Free,Refurbished
eBay,Toilet,Geberit Smart Toilet Suite Pro,,,1440.1,,,Free,New
eBay,Toilet,Geberit Smart Toilet Suite,,,209.91,,,Free,Used
eBay,Toilet,Dorf Smart Toilet Suite Modern,,,1848.72,,,Paid,New
eBay,Toilet,Clark Toilet Seat and Cover,,,1631.4,,,Paid,New
eBay,Toilet,Clark Close Coupled Toilet Suite,,,167.69,,,Free,Refurbished
eBay,Toilet,Dux Close Coupled Toilet Suite Chrome,,,437.27,,,Free,Used
eBay,Toilet,Caroma Soft Close Toilet Seat,,,1378.22,,,Paid,Used
eBay,Toilet,Dorf Toilet Seat and Cover Elite,,,298.87,,,Free,New
eBay,Toilet,Roca Wall Hung Toilet Suite,,,547.25,,,Paid,Refurbished
eBay,Toilet,Roca In-Wall Toilet Suite Pro,,,193.85,,,Free,New
eBay,Toilet,Reece Back to Wall Toilet Suite,,,1595.24,,,Paid,Refurbished
eBay,Toilet,Roca Rimless Toilet Suite Elite,,,499.23,,,Free,Refurbished
eBay,Toilet,Roca Rimless Toilet Suite,,,1451.55,,,Paid,New
eBay,Toilet,Dux In-Wall Toilet Suite,,,1389.23,,,Free,Used
eBay,Tapware,Mizu Commercial Tapware Brushed Nickel,,,586.89,,,Paid,New
eBay,Tapware,Roca Commercial Tapware Premium,,,451.89,,,Paid,Used
eBay,Tapware,Caroma Waterfall Tap,,,105.05,,,Free,New
eBay,Tapware,Geberit Shower Mixer White,,,463.76,,,Free,Used
eBay,Tapware,Caroma Bath Mixer Tap,,,584.66,,,Free,New
eBay,Tapware,Reece Bathroom Tapware Set Pro,,,175.76,,,Paid,Refurbished
eBay,Tapware,Dux Mixer Tap,,,303.48,,,Free,Used
eBay,Tapware,Geberit Basin Mixer Tap Pro Chrome,,,440.74,,,Paid,Refurbished
eBay,Tapware,Toto Commercial Tapware,,,626.41,,,Free,Refurbished
eBay,Tapware,Dux Single Lever Mixer,,,47.12,,,Free,Refurbished
eBay,Tapware,Geberit Basin Mixer Tap,,,58.39,,,Free,Refurbished
eBay,Tapware,Toto Mixer Tap Chrome,,,536.33,,,Paid,Used
eBay,Tapware,Clark Waterfall Tap Pro Gold,,,359.44,,,Free,Used
eBay,Tapware,Roca Mixer Tap,,,330.25,,,Paid,Used
eBay,Tapware,Dorf Waterfall Tap,,,268.38,,,Paid,Refurbished
eBay,Tapware,Clark Single Lever Mixer,,,495.49,,,Free,New
eBay,Tapware,Geberit Commercial Tapware,,,161.08,,,Paid,Used
eBay,Tapware,Dux Commercial Tapware Pro,,,504.14,,,Paid,New
eBay,Tapware,Mizu Single Lever Mixer Black,,,575.89,,,Free,New
eBay,Tapware,Dorf Wall Mounted Mixer,,,442.01,,,Paid,Used
eBay,Tapware,Clark Waterfall Tap Classic,,,382.66,,,Free,Refurbished
eBay,Tapware,Clark Sensor Tap Standard,,,505.1,,,Paid,Used
eBay,Tapware,Paris Single Lever Mixer,,,294.24,,,Paid,Used
eBay,Tapware,Geberit Mixer Tap,,,557.72,,,Free,Refurbished
eBay,Basin,Roca Pedestal Basin,,,21.3,,,Free,Used
eBay,Basin,Dux Above Counter Basin Pro,,,447.69,,,Free,New
eBay,Basin,Reece Wall Hung Basin,,,457.94,,,Paid,Used
eBay,Basin,Roca Counter Top Basin,,,526.9,,,Free,New
eBay,Basin,Paris Semi Recessed Basin,,,659.62,,,Free,Used
eBay,Basin,Paris Vanity Basin Modern Brushed Nickel,,,112.06,,,Free,Refurbished
eBay,Basin,Paris Vessel Basin,,,689.0,,,Paid,Used
eBay,Basin,Roca Above Counter Basin,,,144.78,,,Paid,Used
eBay,Basin,Dorf Wall Hung Basin,,,385.1,,,Paid,Used
eBay,Basin,Geberit Vessel Basin Elite,,,230.85,,,Paid,Used
eBay,Basin,Mizu Wall Hung Basin,,,1149.59,,,Free,New
eBay,Basin,Geberit Semi Recessed Basin,,,191.32,,,Paid,New
eBay,Basin,Mizu Above Counter Basin Classic,,,119.19,,,Free,Used
eBay,Basin,Reece Pedestal Basin,,,281.42,,,Paid,Used
eBay,Basin,Paris Corner Basin,,,66.18,,,Free,Refurbished
eBay,Basin,Mizu Wall Hung Basin Standard,,,281.79,,,Paid,New
eBay,Basin,Toto Wall Hung Basin,,,416.18,,,Free,Used
eBay,Basin,Clark Wall Hung Basin Matte Black,,,168.9,,,Free,New
eBay,Basin,Clark Counter Top Basin Gold,,,133.11,,,Paid,New
eBay,Basin,Dux Semi Recessed Basin,,,842.75,,,Free,Refurbished
eBay,Basin,Dux Corner Basin Black,,,1015.08,,,Paid,New
eBay,Basin,Mizu Pedestal Basin White,,,236.41,,,Paid,Refurbished
eBay,Bathtub,Dorf Whirlpool Bath Elite,,,2755.94,,,Paid,Refurbished
eBay,Bathtub,Dux Whirlpool Bath,,,859.18,,,Free,Refurbished
eBay,Bathtub,Toto Drop In Bath Brushed Nickel,,,1938.39,,,Free,Used
eBay,Bathtub,Dux Steel Bath Matte Black,,,1898.31,,,Paid,New
eBay,Bathtub,Reece Bath Panel,,,660.32,,,Free,Used
eBay,Bathtub,Dorf Bath Panel,,,3907.1,,,Paid,New
eBay,Bathtub,Clark Bath Panel,,,494.01,,,Paid,New
eBay,Bathtub,Dorf Freestanding Bath,,,442.33,,,Free,Refurbished
eBay,Bathtub,Mizu Acrylic Bath,,,1574.57,,,Paid,New
eBay,Bathtub,Toto Acrylic Bath,,,1487.6,,,Free,Used
eBay,Bathtub,Dorf Corner Bath,,,2096.17,,,Free,Refurbished
eBay,Bathtub,Reece Cast Iron Bath Classic,,,1619.61,,,Free,New
eBay,Bathtub,Dorf Acrylic Bath,,,3438.67,,,Free,New
eBay,Bathtub,Dux Bath Panel,,,2190.84,,,Free,Used
eBay,Bathtub,Dux Steel Bath,,,698.31,,,Paid,New
eBay,Bathtub,Dux Spa Bath,,,435.32,,,Paid,Used
eBay,Bathtub,Clark Acrylic Bath Black,,,3052.4,,,Paid,Refurbished
eBay,Bathtub,Caroma Acrylic Bath Pro,,,3919.16,,,Paid,New
eBay,Bathtub,Mizu Acrylic Bath Gold,,,303.55,,,Paid,Used
eBay,Bathtub,Dorf Corner Bath Gold,,,809.37,,,Free,Refurbished
eBay,Bathtub,Dux Acrylic Bath,,,3995.15,,,Paid,New
eBay,Bathtub,Reece Soaking Bath Modern Black,,,2558.68,,,Paid,Refurbished
eBay,Bathtub,Roca Freestanding Bath,,,2357.54,,,Free,Refurbished
eBay,Bathtub,Mizu Cast Iron Bath Pro,,,3628.92,,,Free,New
eBay,Bathtub,Caroma Whirlpool Bath,,,1532.63,,,Free,Used
eBay,Vanity,Caroma Double Basin Vanity,,,549.78,,,Free,Refurbished
eBay,Vanity,Geberit Bathroom Storage Unit,,,128.42,,,Paid,Used
eBay,Vanity,Clark Bathroom Storage Unit,,,1010.78,,,Paid,Refurbished
eBay,Vanity,Toto Vanity Cabinet,,,1459.03,,,Paid,Refurbished
eBay,Vanity,Toto Floor Standing Vanity,,,1407.39,,,Paid,Refurbished
eBay,Vanity,Mizu Wall Hung Vanity White,,,1688.9,,,Paid,Used
eBay,Vanity,Dux Corner Vanity Unit Chrome,,,812.85,,,Free,New
eBay,Vanity,Reece Corner Vanity Unit Gold,,,1621.37,,,Paid,New
eBay,Vanity,Mizu Floating Vanity Premium,,,425.29,,,Free,New
eBay,Vanity,Roca Corner Vanity Unit Modern,,,583.65,,,Free,New
eBay,Vanity,Mizu Wall Hung Vanity Modern,,,1280.78,,,Free,Refurbished
eBay,Vanity,Dorf Mirror Cabinet,,,1746.99,,,Paid,Used
eBay,Vanity,Dux Vanity Cabinet,,,1954.88,,,Paid,New
eBay,Vanity,Mizu Wall Hung Vanity,,,1318.58,,,Free,New
eBay,Vanity,Geberit Mirror Cabinet,,,738.05,,,Free,Used
eBay,Vanity,Caroma Wall Hung Vanity,,,762.87,,,Paid,Refurbished
eBay,Vanity,Clark Mirror Cabinet,,,1057.8,,,Free,Used
eBay,Vanity,Dux Mirror Cabinet,,,265.04,,,Paid,Refurbished
eBay,Vanity,Clark Wall Hung Vanity,,,1987.63,,,Paid,Refurbished
eBay,Vanity,Clark Custom Vanity Chrome,,,1775.94,,,Paid,New
eBay,Vanity,Paris Bathroom Storage Unit,,,1564.66,,,Free,Refurbished
eBay,Vanity,Clark Medicine Cabinet,,,1226.84,,,Paid,Used
eBay,Vanity,Clark Double Basin Vanity Elite,,,1497.05,,,Free,New
eBay,Drainage,Roca Linear Drain Standard,,,136.97,,,Paid,Refurbished
eBay,Drainage,Dorf Pop Up Waste,,,16.86,,,Paid,Refurbished
eBay,Drainage,Reece Pop Up Waste Modern,,,121.52,,,Paid,New
eBay,Drainage,Geberit Pop Up Waste Modern,,,110.77,,,Free,Refurbished
eBay,Drainage,Dorf Floor Drain Brushed Nickel,,,77.87,,,Free,New
eBay,Drainage,Reece Shower Drain Black,,,70.85,,,Paid,Refurbished
eBay,Drainage,Clark Linear Drain,,,98.48,,,Paid,Refurbished
eBay,Drainage,Geberit Click Clack Waste,,,85.97,,,Paid,Used
eBay,Drainage,Dux Floor Drain Elite,,,33.75,,,Free,Refurbished
eBay,Drainage,Toto Shower Drain Classic Chrome,,,71.09,,,Paid,Used
eBay,Drainage,Roca Floor Drain,,,51.68,,,Free,New
eBay,Drainage,Clark Shower Drain,,,163.65,,,Paid,New
eBay,Drainage,Roca Click Clack Waste,,,130.29,,,Free,Used
eBay,Drainage,Toto Floor Waste Cover Modern,,,104.89,,,Paid,New
eBay,Drainage,Clark Bathroom Drain Cover Classic,,,118.08,,,Free,Refurbished
eBay,Drainage,Mizu Bathroom Waste Modern Chrome,,,89.2,,,Free,New
eBay,Drainage,Dux Click Clack Waste Elite,,,127.6,,,Free,New
eBay,Drainage,Dorf Bathroom Drain Cover Gold,,,100.06,,,Paid,New
eBay,Drainage,Roca Linear Drain Elite,,,39.1,,,Paid,Used
eBay,Drainage,Caroma Floor Waste Cover,,,183.91,,,Paid,New
eBay,Drainage,Clark Floor Drain Black,,,118.27,,,Free,New
eBay,Drainage,Caroma Click Clack Waste,,,60.52,,,Paid,New
eBay,Drainage,Roca Shower Drain,,,60.56,,,Paid,Used
eBay,Drainage,Geberit Pop Up Waste,,,22.32,,,Paid,Refurbished
eBay,Drainage,Reece Bathroom Waste,,,41.84,,,Free,Refurbished
TheBlueSpace,Toilet,Mizu Dual Flush Toilet Suite Modern,Mizu,MI6685,1160.2,4.9,132,,
TheBlueSpace,Toilet,Paris Wall Faced Toilet Suite Premium,Paris,PR7979PRO,573.81,3.9,130,,
TheBlueSpace,Toilet,Dux Toilet Seat and Cover Brass,Dux,DX6638PRO,746.58,5.0,68,,
TheBlueSpace,Toilet,Roca In-Wall Toilet Suite Matte Black,Roca,RA9196,542.72,4.6,136,,
TheBlueSpace,Toilet,Mizu Back to Wall Toilet Suite,Mizu,MI3541PRO,1024.46,4.7,107,,
TheBlueSpace,Toilet,Toto Close Coupled Toilet Suite,Toto,TO3468ELITE,2012.59,4.0,142,,
TheBlueSpace,Toilet,Reece Wall Faced Toilet Suite,Reece,RC3279C,1256.52,3.9,45,,
TheBlueSpace,Toilet,Mizu Smart Toilet Suite Brushed Nickel,Mizu,MU3337PRO,1719.96,4.5,82,,
TheBlueSpace,Toilet,Geberit Rimless Toilet Suite Standard Black,Geberit,GI4343ELITE,1595.42,4.1,15,,
TheBlueSpace,Toilet,Caroma Wall Hung Toilet Suite,Caroma,CW6372ELITE,1673.72,4.1,68,,
TheBlueSpace,Toilet,Dorf Back to Wall Toilet Suite Pro,Dorf,DO2733ELITE,1742.31,4.3,135,,
TheBlueSpace,Toilet,Clark Close Coupled Toilet Suite Plus White,Clark,CL2296B,1567.12,4.7,141,,
TheBlueSpace,Toilet,Paris Wall Faced Toilet Suite Classic,Paris,PA2440C,959.33,4.3,126,,
TheBlueSpace,Toilet,Roca Dual Flush Toilet Suite,Roca,RA131ELITE,848.67,4.0,71,,
TheBlueSpace,Toilet,Toto Smart Toilet Suite Classic Gold,Toto,TA7513ELITE,2426.24,5.0,119,,
TheBlueSpace,Toilet,Dux Close Coupled Toilet Suite,Dux,DU5093B,1714.98,4.0,30,,
TheBlueSpace,Toilet,Paris Rimless Toilet Suite,Paris,PR9113,1733.22,4.4,77,,
TheBlueSpace,Toilet,Toto Wall Hung Toilet Suite Plus,Toto,TO6068ELITE,2472.32,4.4,140,,
TheBlueSpace,Toilet,Caroma Soft Close Toilet Seat,Caroma,CM4073PRO,1581.64,4.8,72,,
TheBlueSpace,Toilet,Roca Smart Toilet Suite,Roca,RC1050C,2357.68,4.4,140,,
TheBlueSpace,Toilet,Caroma Rimless Toilet Suite Modern Chrome,Caroma,CA5523A,2550.57,5.0,127,,
TheBlueSpace,Toilet,Paris Smart Toilet Suite,Paris,PI8909A,568.21,4.8,33,,
TheBlueSpace,Toilet,Dorf Close Coupled Toilet Suite Plus,Dorf,DR9630C,2668.46,4.1,105,,
TheBlueSpace,Tapware,Caroma Wall Mounted Mixer Modern,Caroma,CA310ELITE,540.05,3.9,43,,
TheBlueSpace,Tapware,Toto Basin Mixer Tap,Toto,TA7931A,543.44,4.7,10,,
TheBlueSpace,Tapware,Clark Basin Mixer Tap,Clark,CK7662C,586.63,3.9,48,,
TheBlueSpace,Tapware,Mizu Mixer Tap,Mizu,MZ4741C,485.56,4.7,88,,
TheBlueSpace,Tapware,Dorf Mixer Tap,Dorf,DF3720X,474.05,4.5,39,,
TheBlueSpace,Tapware,Paris Wall Mounted Mixer Brushed Nickel,Paris,PR9543C,182.02,3.8,142,,
TheBlueSpace,Tapware,Caroma Commercial Tapware Matte Black,Caroma,CA8642PRO,302.88,4.2,136,,
TheBlueSpace,Tapware,Geberit Basin Mixer Tap Plus,Geberit,GI8655,642.38,4.4,113,,
TheBlueSpace,Tapware,Reece Mixer Tap Pro Gold,Reece,RI358ELITE,524.98,4.1,46,,
TheBlueSpace,Tapware,Toto Single Lever Mixer,Toto,TO7559B,109.75,4.1,18,,
TheBlueSpace,Tapware,Toto Sensor Tap Classic Chrome,Toto,TA596A,554.75,4.0,61,,
TheBlueSpace,Tapware,Clark Basin Mixer Tap Black,Clark,CR9774,837.79,4.0,125,,
TheBlueSpace,Tapware,Mizu Basin Mixer Tap Modern,Mizu,MZ4481A,655.06,4.3,139,,
TheBlueSpace,Tapware,Roca Basin Mixer Tap Plus,Roca,RC1253A,563.31,4.8,43,,
TheBlueSpace,Tapware,Dorf Bathroom Tapware Set Matte Black,Dorf,DR679B,819.92,4.9,68,,
TheBlueSpace,Tapware,Geberit Sensor Tap,Geberit,GI3142C,988.72,3.9,130,,
TheBlueSpace,Tapware,Mizu Commercial Tapware Classic,Mizu,MU3088A,696.87,4.5,127,,
TheBlueSpace,Tapware,Mizu Mixer Tap Modern,Mizu,MU1485B,837.23,4.3,167,,
TheBlueSpace,Tapware,Dorf Bathroom Tapware Set Plus White,Dorf,DO4618A,433.95,4.2,53,,
TheBlueSpace,Tapware,Paris Wall Mounted Mixer,Paris,PR4408ELITE,804.07,4.4,141,,
TheBlueSpace,Tapware,Roca Mixer Tap,Roca,RO7709B,100.01,4.2,95,,
TheBlueSpace,Tapware,Mizu Basin Mixer Tap Black,Mizu,MI2060X,522.98,3.8,102,,
TheBlueSpace,Tapware,Mizu Commercial Tapware,Mizu,MI7685C,932.41,4.1,96,,
TheBlueSpace,Tapware,Paris Wall Mounted Mixer Gold,Paris,PA8389B,205.8,4.7,63,,
TheBlueSpace,Basin,Caroma Vessel Basin Modern,Caroma,CW9907ELITE,424.08,4.1,77,,
TheBlueSpace,Basin,Dorf Vanity Basin Brushed Nickel,Dorf,DR6131C,1419.43,4.0,37,,
TheBlueSpace,Basin,Mizu Wall Hung Basin Chrome,Mizu,MI8637X,734.35,4.0,39,,
TheBlueSpace,Basin,Dux Undermount Basin,Dux,DX5536,446.62,4.5,155,,
TheBlueSpace,Basin,Roca Top Mount Basin Classic,Roca,RO5808ELITE,752.02,3.8,26,,
TheBlueSpace,Basin,Roca Undermount Basin,Roca,RC7003C,464.03,4.6,23,,
TheBlueSpace,Basin,Roca Counter Top Basin,Roca,RC6118B,143.93,4.6,7,,
TheBlueSpace,Basin,Mizu Semi Recessed Basin Modern,Mizu,MI4414X,830.48,4.6,93,,
TheBlueSpace,Basin,Dux Top Mount Basin,Dux,DX5434ELITE,1080.66,4.7,50,,
TheBlueSpace,Basin,Dorf Vanity Basin Chrome,Dorf,DR4914C,970.51,4.6,14,,
TheBlueSpace,Basin,Dorf Counter Top Basin,Dorf,DO7487ELITE,954.19,3.9,64,,
TheBlueSpace,Basin,Clark Corner Basin,Clark,CK9546B,149.38,4.1,77,,
TheBlueSpace,Basin,Mizu Vessel Basin Standard Chrome,Mizu,MZ6648ELITE,235.98,4.1,150,,
TheBlueSpace,Basin,Roca Above Counter Basin,Roca,RC2651X,912.96,3.9,53,,
TheBlueSpace,Basin,Mizu Semi Recessed Basin Standard,Mizu,MZ8885ELITE,246.83,4.0,106,,
TheBlueSpace,Basin,Mizu Pedestal Basin Premium,Mizu,MZ6815X,918.98,4.1,125,,
TheBlueSpace,Basin,Toto Counter Top Basin,Toto,TO9878,1247.35,4.5,135,,
TheBlueSpace,Basin,Dux Wall Hung Basin,Dux,DW7382ELITE,588.16,4.2,66,,
TheBlueSpace,Basin,Geberit Wall Hung Basin,Geberit,GI6782X,505.66,4.4,161,,
TheBlueSpace,Basin,Toto Vanity Basin Premium,Toto,TA3243B,360.64,4.0,132,,
TheBlueSpace,Basin,Reece Pedestal Basin,Reece,RC1920A,1228.98,4.3,12,,
TheBlueSpace,Basin,Mizu Top Mount Basin Standard Brushed Nickel,Mizu,MI1438C,553.43,4.9,49,,
TheBlueSpace,Basin,Paris Counter Top Basin Matte Black,Paris,PI5185X,372.57,4.7,25,,
TheBlueSpace,Basin,Dorf Vessel Basin Elite,Dorf,DO7947PRO,762.76,4.5,34,,
TheBlueSpace,Bathtub,Dorf Whirlpool Bath Elite,Dorf,DF6724X,4782.14,5.0,79,,
TheBlueSpace,Bathtub,Dux Whirlpool Bath,Dux,DW6283C,1104.17,4.5,161,,
TheBlueSpace,Bathtub,Reece Whirlpool Bath,Reece,RI2908B,784.46,4.6,98,,
TheBlueSpace,Bathtub,Caroma Spa Bath Standard,Caroma,CA503PRO,3309.29,4.6,114,,
TheBlueSpace,Bathtub,Roca Drop In Bath,Roca,RC5905ELITE,4729.26,4.5,41,,
TheBlueSpace,Bathtub,Toto Soaking Bath White,Toto,TO1528X,5721.16,4.1,71,,
TheBlueSpace,Bathtub,Reece Acrylic Bath,Reece,RE5610A,5032.27,4.6,80,,
TheBlueSpace,Bathtub,Reece Bath Panel Matte Black,Reece,RE8325B,3036.72,4.2,102,,
TheBlueSpace,Bathtub,Toto Steel Bath Pro,Toto,TO5143PRO,775.5,4.5,132,,
TheBlueSpace,Bathtub,Mizu Drop In Bath Classic,Mizu,MZ8591A,2474.1,3.9,33,,
TheBlueSpace,Bathtub,Reece Cast Iron Bath Plus,Reece,RE7536PRO,1682.38,4.4,112,,
TheBlueSpace,Bathtub,Toto Soaking Bath,Toto,TT1215X,3922.1,4.0,159,,
TheBlueSpace,Bathtub,Dux Corner Bath,Dux,DX8746X,5456.68,4.0,68,,
TheBlueSpace,Bathtub,Mizu Steel Bath Modern,Mizu,MI4725,3279.66,3.8,167,,
TheBlueSpace,Bathtub,Clark Freestanding Bath Gold,Clark,CL5403A,5784.08,3.9,47,,
TheBlueSpace,Bathtub,Clark Cast Iron Bath Chrome,Clark,CL9475B,5284.52,4.3,132,,
TheBlueSpace,Bathtub,Roca Steel Bath,Roca,RC5248ELITE,2087.56,4.2,68,,
TheBlueSpace,Bathtub,Toto Cast Iron Bath Pro,Toto,TA9496C,2075.1,4.1,98,,
TheBlueSpace,Bathtub,Caroma Corner Bath Pro White,Caroma,CM8766X,2329.85,4.9,141,,
TheBlueSpace,Bathtub,Reece Bath Panel,Reece,RI9142,3815.03,5.0,25,,
TheBlueSpace,Bathtub,Dorf Freestanding Bath Chrome,Dorf,DO3259ELITE,1791.55,5.0,142,,
TheBlueSpace,Bathtub,Clark Bath Panel,Clark,CL888,2197.73,4.3,32,,
TheBlueSpace,Bathtub,Roca Cast Iron Bath,Roca,RC5543A,2702.44,3.9,126,,
TheBlueSpace,Bathtub,Mizu Acrylic Bath Modern Black,Mizu,MZ2505ELITE,3557.39,4.5,131,,
TheBlueSpace,Bathtub,Dux Bath Panel Black,Dux,DU842ELITE,1732.43,4.7,175,,
TheBlueSpace,Vanity,Dux Medicine Cabinet,Dux,DU5441B,3990.18,4.3,71,,
TheBlueSpace,Vanity,Dorf Bathroom Storage Unit,Dorf,DR4185,3109.08,3.9,103,,
TheBlueSpace,Vanity,Caroma Bathroom Storage Unit Matte Black,Caroma,CA4164X,3259.83,4.7,167,,
TheBlueSpace,Vanity,Paris Vanity Cabinet,Paris,PA424C,856.55,4.8,123,,
TheBlueSpace,Vanity,Geberit Wall Hung Vanity Matte Black,Geberit,GI8509PRO,1386.68,4.7,76,,
TheBlueSpace,Vanity,Roca Floating Vanity,Roca,RO9303C,2578.83,4.3,9,,
TheBlueSpace,Vanity,Dorf Medicine Cabinet White,Dorf,DR9625,3832.08,4.9,151,,
TheBlueSpace,Vanity,Dux Custom Vanity,Dux,DU8771,466.7,4.9,87,,
TheBlueSpace,Vanity,Toto Mirror Cabinet Standard,Toto,TT4233PRO,1391.46,3.9,31,,
TheBlueSpace,Vanity,Dorf Floor Standing Vanity Black,Dorf,DR9073X,1730.6,5.0,146,,
TheBlueSpace,Vanity,Reece Vanity Cabinet Chrome,Reece,RI1978,2544.08,4.9,107,,
TheBlueSpace,Vanity,Dux Double Basin Vanity,Dux,DX5678PRO,1167.22,5.0,112,,
TheBlueSpace,Vanity,Geberit Wall Hung Vanity,Geberit,GB8571ELITE,1285.1,4.1,161,,
TheBlueSpace,Vanity,Paris Mirror Cabinet Matte Black,Paris,PR4545ELITE,2466.59,4.8,90,,
TheBlueSpace,Vanity,Reece Vanity Cabinet,Reece,RI7054C,840.54,4.6,123,,
TheBlueSpace,Vanity,Mizu Mirror Cabinet,Mizu,MZ8217ELITE,3679.95,4.8,135,,
TheBlueSpace,Vanity,Paris Mirror Cabinet Standard,Paris,PR6384B,3183.86,4.8,168,,
TheBlueSpace,Vanity,Geberit Mirror Cabinet Classic,Geberit,GB527,3641.67,4.5,30,,
TheBlueSpace,Vanity,Paris Custom Vanity,Paris,PA9778PRO,3555.64,4.2,30,,
TheBlueSpace,Vanity,Reece Custom Vanity Gold,Reece,RC144C,2446.88,4.3,19,,
TheBlueSpace,Vanity,Clark Custom Vanity,Clark,CK1337,1064.64,4.9,115,,
TheBlueSpace,Vanity,Caroma Custom Vanity Elite,Caroma,CW7555,913.01,4.2,44,,
TheBlueSpace,Vanity,Reece Floor Standing Vanity Modern,Reece,RE7119ELITE,518.2,4.3,122,,
TheBlueSpace,Vanity,Clark Custom Vanity Brass,Clark,CL5182PRO,1728.74,4.7,6,,
TheBlueSpace,Vanity,Dorf Double Basin Vanity Plus,Dorf,DO7499A,3640.68,4.6,20,,
TheBlueSpace,Drainage,Toto Floor Waste Cover White,Toto,TO776X,129.26,4.8,109,,
TheBlueSpace,Drainage,Mizu Bathroom Waste Chrome,Mizu,MI9222ELITE,216.52,4.9,50,,
TheBlueSpace,Drainage,Clark Shower Drain,Clark,CR9806C,88.9,4.9,132,,
TheBlueSpace,Drainage,Geberit Channel Drain,Geberit,GB6091,208.45,4.1,98,,
TheBlueSpace,Drainage,Clark Floor Waste Cover Classic Black,Clark,CK9230PRO,61.37,4.9,9,,
TheBlueSpace,Drainage,Reece Floor Drain Modern White,Reece,RI4125C,165.52,4.5,51,,
TheBlueSpace,Drainage,Roca Grate Drain,Roca,RO8850A,311.4,4.1,56,,
TheBlueSpace,Drainage,Geberit Bathroom Drain Cover,Geberit,GI5459B,61.49,5.0,106,,
TheBlueSpace,Drainage,Roca Click Clack Waste,Roca,RO5312A,121.06,4.9,173,,
TheBlueSpace,Drainage,Mizu Bathroom Drain Cover,Mizu,MZ9365,125.2,5.0,172,,
TheBlueSpace,Drainage,Clark Click Clack Waste Modern,Clark,CR2845B,184.17,4.7,6,,
TheBlueSpace,Drainage,Reece Shower Drain,Reece,RE395X,124.65,3.9,176,,
TheBlueSpace,Drainage,Caroma Click Clack Waste Plus,Caroma,CA7570B,77.53,4.2,11,,
TheBlueSpace,Drainage,Mizu Pop Up Waste Pro Chrome,Mizu,MU3519A,372.26,4.4,27,,
TheBlueSpace,Drainage,Dorf Floor Waste Cover,Dorf,DO6792ELITE,42.81,4.0,167,,
TheBlueSpace,Drainage,Clark Floor Waste Cover,Clark,CK9283B,172.45,4.8,12,,
TheBlueSpace,Drainage,Geberit Floor Waste Cover Elite Matte Black,Geberit,GE7834B,316.93,4.9,23,,
TheBlueSpace,Drainage,Toto Click Clack Waste,Toto,TT5120PRO,320.03,4.3,56,,
TheBlueSpace,Drainage,Geberit Channel Drain Brushed Nickel,Geberit,GI5753X,199.96,4.6,118,,
TheBlueSpace,Drainage,Geberit Floor Drain,Geberit,GE5827ELITE,183.84,3.8,163,,
TheBlueSpace,Drainage,Toto Bathroom Drain Cover,Toto,TO8978X,379.25,4.1,102,,
TheBlueSpace,Drainage,Roca Channel Drain Pro,Roca,RO5517,320.0,3.8,44,,
TheBlueSpace,Drainage,Dorf Floor Waste Cover Modern,Dorf,DO3776PRO,110.16,4.6,115,,
TheBlueSpace,Drainage,Caroma Grate Drain,Caroma,CM341,237.75,3.8,132,,
TheBlueSpace,Drainage,Reece Click Clack Waste Premium,Reece,RE8572X,48.61,4.0,61,,
