company_name,street_address,city,state,zip_code,phone_display,website_url,email,facebook_url,instagram_url,twitter_url,linkedin_url,youtube_url,tiktok_url,source_url
Chelsea Piers Fitness,60 Chelsea Piers,New York,NY,10011,(800) 771-6654,https://fitness.chelseapiers.com/locations/chelsea-ny?utm_source=Google&utm_medium=Listing&utm_campaign=chelseafitness,fitness@chelseapiers.com,https://facebook.com/ChelseaPiersFitness,https://instagram.com/ChelseaPiersFitness,https://x.com/ChelseaPiersFit,https://www.linkedin.com/company/chelsea-piers-fitness/,https://www.youtube.com/@ChelseaPiersFitness,https://www.tiktok.com/@chelseapiersfitness,https://fitness.chelseapiers.com/contact-us
Solace New York,38 E 32nd St,New York,NY,10016,(212) 301-2766,http://www.solacenewyork.com/,info@solacenewyork.com,https://facebook.com/solacenewyork,https://instagram.com/solacenewyork,https://x.com/solacenewyork,https://www.linkedin.com/company/solace-new-york/,https://www.youtube.com/@SolaceNewYork,https://www.tiktok.com/@solaceny,https://solacenewyork.com/contact/
JOHN REED Fitness,1200 S Hill St,Los Angeles,CA,90015,(213) 677-7100,http://us.johnreed.fitness/,hello@johnreed.fitness,https://www.facebook.com/JohnReedFitnessNL/,https://www.instagram.com/johnreedfitness_/,https://x.com/johnreedfitness,https://www.linkedin.com/company/john-reed-fitness-llc/,https://www.youtube.com/@johnreedfitness_us,https://www.tiktok.com/@johnreedfitness,http://us.johnreed.fitness/
Barbell Brigade Gym,646 Gibbons St,Los Angeles,CA,90031,(323) 225-2251,https://www.barbellbrigade.com/,gym@barbellbrigade.com,https://www.facebook.com/BarbellBrigadeOfficial/,https://www.instagram.com/barbellbrigadegym/,https://x.com/barbellbrigade,https://www.linkedin.com/company/barbell-brigade-llc/,https://www.youtube.com/@barbellbrigade,https://www.tiktok.com/@barbellbrigadetiktok,https://maps.app.goo.gl/4qhLyL23pxayURgB8
Iron Mine Gym,6628 W Irving Park Rd,Chicago,IL,60634,(773) 979-0034,http://ironminechicago.com/,info@ironminechicago.com,https://www.facebook.com/ironminechicago,https://www.instagram.com/ironminegym/,https://x.com/ironminegym,https://www.linkedin.com/company/iron-mine-gym/about/,No Youtube Profile Found,https://www.tiktok.com/@ironminegym,https://www.ironminechicago.com/
Mode Gym,1301 W Madison St,Chicago,IL,60607,(312) 626-6633,https://getinmode.com/,info@getinmode.com,https://www.facebook.com/getinmode/,https://www.instagram.com/getinmode/?hl=en,https://x.com/getinmodebb,https://www.linkedin.com/company/mode-body-boutique/,https://www.youtube.com/@getinMODE,https://www.tiktok.com/@modegym,https://getinmode.com/
Houston Gym,1501 Durham Dr,Houston,TX,77007,(713) 880-9191,https://www.houstongym.com/,fitness@houstongym.com,https://www.facebook.com/houstongym1,https://instagram.com/houston_gym,https://x.com/HoustonGym,https://www.linkedin.com/company/houston-gym/about/,https://www.youtube.com/@houstongym2128,No Tiktok Account Found,https://www.houstongym.com/contact-us/
Memorial Athletic Club and Aquatic Center,14690 Memorial Dr,Houston,TX,77079,(281) 497-7570,http://www.fitmac.com/,fitness@fitmac.com,http://www.facebook.com/memorialathleticclub,https://www.instagram.com/memorialathleticclub,https://x.com/memorialathclub,https://www.linkedin.com/company/memorial-athletic-club/,https://www.youtube.com/@memorialathleticclubaquati2182,No Tiktok Account Found,https://www.fitmac.com/contact-info
Mountainside Fitness Chase Field,401 E Jefferson St,Phoenix,AZ,85004,(866) 686-3488,https://mountainsidefitness.com/locations/downtown-at-chase-field/,marketing@mountainsidefitness.com,https://www.facebook.com/mountainsidefit/,https://www.instagram.com/mountainsidefitt/,https://x.com/Mountainsidefit,https://www.linkedin.com/company/mountainside-fitness/,https://www.youtube.com/@mountainsidefitness5916,https://www.tiktok.com/@mountainsidefitness,https://maps.app.goo.gl/Ky4SxGJX2ojbjBLk8
Tangible Wellness Fitness Center,"1500 E Thomas Rd, Ste 110",Phoenix,AZ,85014,(602) 274-4664,https://www.tangiblewellness.org/,fitnesscenter@tangiblewellness.org,https://www.facebook.com/tangiblefitphx/,https://www.instagram.com/tw_fitness_center/,https://x.com/tangibletanfit,https://www.linkedin.com/company/tangible-wellness-fitness-center/about/,No Youtube Profile Found,https://www.tiktok.com/@tangiblemedspa,https://www.tangiblewellness.org/contact
Fit Gym,4419 Ludlow St,Philadelphia,PA,19104,(215) 386-3333,http://www.fitgymphilly.com/,info@fitgymphilly.com,https://facebook.com/fitgymphilly,https://www.instagram.com/fitgymphilly/,https://x.com/fitgymphilly,No Linkedin Profile Available,https://www.youtube.com/@fitgymphilly4490,No Tiktok Account Found,https://www.fitgymphilly.com/contact-uss
City Fitness,45 N 3rd St,Philadelphia,PA,19106,(267) 930-3581,https://cityfitnessphilly.com/old-city-club/,oldcity@cityfitness.com,https://www.facebook.com/cityfitness2007,https://www.instagram.com/cityfitnessphilly/,https://x.com/cityfitnessphl,https://www.linkedin.com/company/cityfitness_official/,https://www.youtube.com/@CityFitness_2007,https://www.tiktok.com/@cityfitness_2007,https://cityfitness.com/old-city-club
Lake Nona Performance Club,"6775 Chopra Ter, ",Orlando,FL,32827,(407) 216-5672,https://lakenonaperformanceclub.com/,info@lakenonaperformanceclub.com,https://www.facebook.com/LNPerformanceClub,https://www.instagram.com/lnperformanceclub/,https://x.com/LN_Performance,https://www.linkedin.com/company/lake-nona-performance-club/,https://www.youtube.com/@LakeNonaPerformanceClub,https://www.tiktok.com/@lnperformanceclub,https://lakenonaperformanceclub.com/contact/
Iron Religion Gym,5247 International Dr,Orlando,FL,32819,(407) 530-9009,https://www.ironreligiongym.com/,ironreligiongym@gmail.com,https://www.facebook.com/ironreligiongym,https://instagram.com/ironreligiongym,https://x.com/ironreligiongym,https://www.linkedin.com/company/iron-religion-gym/about/,https://www.youtube.com/IRONRELIGIONGYM,No Tiktok Account Found,https://www.ironreligiongym.com/
Prodigy Gym and Fitness,1739 S College Ave,Fort Collins,CO,80525,(970) 224-4500,https://www.prodigygym.com/,coach@prodigygym.com,https://facebook.com/prodigygymandfitness/,https://instagram.com/prodigygymandfitness/,https://x.com/prodigyfitness_,https://www.linkedin.com/company/prodigy-gym-and-fitness/about/,https://www.youtube.com/@IronProdigyGymFortCollins,https://www.tiktok.com/@_prodigyfitness_,https://www.prodigygym.com/contact
Denver Gym and Fitness ,636 S Broadway,Denver,CO,80209,(720) 249-4896,https://denvergymandfitness.com/,info@denvergymandfitness.com,https://www.facebook.com/denvergymandfitness/,https://www.instagram.com/denvergymandfitness/,https://x.com/DGF_CO,https://www.linkedin.com/in/kelly-r-dees-58243713/,https://www.youtube.com/@denvergymfitness377,No Tiktok Account Found,https://denvergymandfitness.com/
Central Rock Gym,3701 Presidential Pkwy ,Atlanta,GA,30340,(678) 720-9882,https://centralrockgym.com/atlanta/,atl.atlanta@centralrockgym.com,https://www.facebook.com/centralrockgym/,https://www.instagram.com/centralrockgym/,https://x.com/centralrock,https://www.linkedin.com/company/central-rock-climbing-gym/,https://www.youtube.com/user/TheCentralRockTV,https://www.tiktok.com/@centralrockgym,https://centralrockgym.com/atlanta/
Armour Body,"445 Plasamour Dr, Ne Ste 2",Atlanta,GA,30324,(404) 414-5300,https://armourbody.com/,info@armourbody.com,https://www.facebook.com/ARMOURBODYFit,https://www.instagram.com/armourbody,https://x.com/AmourBody,https://www.linkedin.com/in/jeremy-ryan-allen-6084765a/,No Youtube Profile Found,https://www.tiktok.com/@armourbodyfitness,https://armourbody.com/contact
24e Health Clubs,"1901 6th Ave, N #150",Birmingham,AL,35203,(205) 538-5078,https://24ehealthclubs.com/locations/downtown-bhm/,customerservice@24ehealthclubs.com,https://www.facebook.com/24eHealthClubs/,https://www.instagram.com/24e_healthclubs,https://x.com/24ehealthclubs,https://www.linkedin.com/in/health-clubs-9a58ba171/,https://www.youtube.com/@24ehealthclubs,https://www.tiktok.com/@24ehealthclubs,https://24ehealthclubs.com/locations/downtown-bhm/
Iron Tribe Fitness,300 27th Street South ,Birmingham,AL,35233,(205) 603-4064,https://irontribefitness.com/,info@irontribefitness.com,https://www.facebook.com/IronTribeFitness,https://www.instagram.com/irontribe,https://x.com/IronTribe/,https://www.linkedin.com/company/iron-tribe-fitness/,https://www.youtube.com/@itfmountainbrook,https://www.tiktok.com/@iron_tribe_fitness,https://irontribefitness.com/
Alaska Fitness,2700 A Street  AK ,Anchorage,AK,99503,(907) 646-8686,https://alaskafitness.net/,bodybyjen@live.com,https://www.facebook.com/AlaskaFitness/,https://www.instagram.com/explore/locations/960120/alaska-fitness/,https://x.com/AlaskaFitness,https://www.linkedin.com/company/alaska-fitness/about/,https://www.youtube.com/@alaskafitness872,No Tiktok Account Found,https://alaskafitness.net/contact-us/
South Side Strength and Fitness,"11901 Industry Way, bld A",Anchorage,AK,99515,(907) 771-9881,https://www.southsidestrengthandfitness.com/,southsidestrengthandfitnessak@gmail.com,https://www.facebook.com/SouthsideStrengthandFitness/,https://www.instagram.com/southsidestrengthak/,https://x.com/SouthsideAK,https://www.linkedin.com/company/southside-strength-and-fitness/about/,https://www.youtube.com/@SouthsideStrengthandFitness,No Tiktok Account Found,https://www.southsidestrengthandfitness.com/contact-us
Hwy 12 Gym,2003 Southwest Regional Airport Boulevard,Bentonville,AR,72713,(479) 233-8813,https://hwy12gym.com/,management@hwy12gym.com,https://www.facebook.com/p/Hwy-12-Gym-100090708255454/,https://www.instagram.com/hwy_12_gym/,https://x.com/hwy22gym,No Linkedin Profile Available,No Youtube Profile Found,https://www.tiktok.com/@hwy_12_gym,https://hwy12gym.com/
Rock City Complete Fitness,9000 Commerce Cove.,North Little Rock,AR,72113,(501) 200-4483,https://www.rockcitycompletefitness.com/,coachtaimi@gmail.com,https://www.facebook.com/Rockccf,https://www.instagram.com/rockcitycompletefitness/,https://x.com/rockcitycf,https://www.linkedin.com/company/rock-city-complete-fitness/about/,https://www.youtube.com/channel/UCsVyp2IiHgiEY_OJE_n_FJg,No Tiktok Account Found,https://www.rockcitycompletefitness.com/contact
Big Sky,58 Commerce Ct,Newington,CT,06111,(860) 667-3200,https://bigskyfitness.com/,bigskynewington@bigskyfitness.com,https://www.facebook.com/BigSkyFitness,https://www.instagram.com/bigskyfitness/,https://x.com/big_sky_fitness,https://www.linkedin.com/company/big-sky-fitness/,https://www.youtube.com/@bigskyfitness,No Tiktok Account Found,https://bigskyfitness.com/newington/
Elite Fitness Club,1 Klarides Village Dr,Seymour,CT,06483,(475) 675-5568,https://www.elitefitnessclub.fit/,manager@elitefitnessclub.fit,https://www.facebook.com/elitefitnessclubunionville,https://www.instagram.com/elitefitness.unionville,https://x.com/efitclub,https://www.linkedin.com/company/elitefitnessclubs/,https://www.youtube.com/@EliteFitnessClubOfficial,No Tiktok Account Found,https://www.elitefitnessclub.fit/
The Edge Fitness Clubs,2800 Fashion Center Blvd,Christiana,DE,19702,(302) 613-0721,https://www.theedgefitnessclubs.com/,shopsupport@theedgefitnessclubs.com,https://www.facebook.com/TheEdgeFitnessClubs/,https://www.instagram.com/theedgefitnessclubs,https://x.com/edgefitnessgym,https://www.linkedin.com/company/the-edge-fitness-clubs-llc/,https://www.youtube.com/user/TheEDGEFitnessClubs,https://www.tiktok.com/@theedgefitnessclubs,https://www.theedgefitnessclubs.com/locations/delaware-christiana
RISE Fitness + Adventure,35770 Airport Rd,Rehoboth Beach,DE,19971,(302) 567-2112,https://www.trainatrise.com/,staff@trainatrise.com,https://www.facebook.com/trainatrise/,https://www.instagram.com/trainatrise/,https://x.com/megnevefitness,https://www.linkedin.com/company/trainatrise/,https://www.youtube.com/channel/UCg4bLPzW3x2cD5EqkTid2iw,https://www.tiktok.com/@rise.fitness_rehoboth,https://www.trainatrise.com/contact
Sweat DC,501 H St NE,Washington,DC,20001,(202) 780-5286,https://sweatdc.com/,info@sweatdc.com,https://www.facebook.com/SWEATDCfit,https://www.instagram.com/sweatdc/,https://x.com/SWEATFITDC,No Linkedin Profile Available,https://www.youtube.com/@sweat_dc,No Tiktok Account Found,https://sweatdc.com/
Equinox,"1170 22nd St NW 
",Washington,DC,20037,(202) 974-6600,https://www.equinox.com/clubs/washington-dc/sportsclubwashingtondc,concierge@Equinox.com,https://www.facebook.com/Equinox,https://www.instagram.com/equinox/,https://x.com/Equinox,https://www.linkedin.com/company/equinox/,https://www.youtube.com/user/equinox,https://www.tiktok.com/@equinox,https://www.equinox.com/landing/getintouch?icmp=bottomnav-contactus
UFC GYM Honolulu,805 Pohukaina St,Honolulu,HI,96813,(808) 672-2655,https://www.ufcgym.com/locations/honolulu,contact@ufcgym.com,https://www.facebook.com/ufcgym,https://www.instagram.com/ufcgym,https://x.com/ufcgym,https://www.linkedin.com/company/ufc-gym/,https://www.youtube.com/@ufcgym,No Tiktok Account Found,https://www.ufcgym.com/locations/honolulu
24 Hour Fitness,1680 Kapiolani Blvd,Honolulu,HI,96814,"(808) 951-7677",https://www.mofitgym.com/, info@24life.com,https://www.facebook.com/24HourFitness,https://www.instagram.com/24HourFitness/,https://x.com/24hourfitness,https://www.linkedin.com/company/24-hour-fitness/,https://www.youtube.com/24HourFitnessInc,https://www.tiktok.com/@24hourfitness,https://www.24hourfitness.com/24life/contact
Jack City Fitness,21 N Allumbaugh St,Boise,ID,83704,(208) 999-1111,https://jackcityfitness.com/,info@jackcityfitness.com,https://www.facebook.com/JackCityFitness/,https://www.instagram.com/jackcityfitness/,https://x.com/jackcityfitness,https://www.linkedin.com/company/jackcityfitness/,https://www.youtube.com/@Jackcityfitness4life/,No Tiktok Account Found,https://jackcityfitness.com/contact/
Grove Fitness Club & Spa,245 S Capitol Blvd,Boise,ID,83702,(208) 514-4434,https://www.grovefitness-spa.com/,melody@grovefitness-spa.com,https://www.facebook.com/GroveFitnessSpa,https://www.instagram.com/grovefitness.spa/,https://x.com/grovefitnessspa,https://www.linkedin.com/company/grove-fitness-club-&-spa-inc./,https://www.youtube.com/@TheGroveFitness/,https://www.tiktok.com/@grove_fitness,https://www.grovefitness-spa.com/
Indy City Barbell - Gym in Indianapolis,104 S College Ave,Indianapolis,IN,46202,(317) 402-7004,https://indycitybarbell.com/,training@indycitybarbell.com,https://www.facebook.com/indycitybarbell,https://www.instagram.com/indycitybarbell/,https://x.com/indycitybarbell,https://www.linkedin.com/company/indy-city-barbell/about/,https://www.youtube.com/@INDYCITYBARBELL,No Tiktok Account Found,https://indycitybarbell.com/contact-us/
Indianapolis Healthplex,"3660 Guion Rd, Ste. 101",Indianapolis,IN,46222,(317) 920-7400,https://indianapolishealthplex.com/,info@indianapolishealthplex.com,https://www.facebook.com/IndyHealthplex,https://www.instagram.com/indianapolishealthplex/,https://x.com/IndianapolisHe3,https://www.linkedin.com/company/indianapolis-healthplex/,https://www.youtube.com/@indianapolishealthplex7709/,No Tiktok Account Found,https://indianapolishealthplex.com/contact//
The Pro-Fit Gym - Home of Iowa City CrossFit,770 Quarry Rd,Coralville,IA,52241,(319) 338-2571,https://thegymiowacity.com/,info@theprofitgym.com,https://www.facebook.com/profitgymic,https://www.instagram.com/theprofitgym,https://x.com/TheProFitGym,https://www.linkedin.com/company/pro-fit-gym/,No Youtube Profile Found,https://www.tiktok.com/@pro_fitgym,https://thegymiowacity.com/contact-us/
Genesis Health Clubs - Southridge,1111 E Army Post Rd  ,Des Moines,IA,50315,(515) 400-8727,https://www.genesishealthclubs.com/locations/southridge.html,mservices@genesishealthclubs.com,https://www.facebook.com/genesishealthclubs,https://www.instagram.com/genesishealthclubs,https://www.x.com/GenesisClubs,https://www.linkedin.com/company/genesis-health-clubs/,https://www.youtube.com/@genesishealthclubs/,https://www.tiktok.com/@genesishealthclubs,https://www.genesishealthclubs.com/locations/southridge.html
Metro KC Fitness - Argentine,2810 Metropolitan Ave,Kansas City,KS,66106,(913) 808-5939,https://metrokcfitness.com/,argentine@metrokcfitness.com,https://www.facebook.com/metroKCfitness/,https://www.instagram.com/metrokcfitness,https://www.x.com/metrokcfitness,https://www.linkedin.com/company/metro-kc-fitness/about/,https://www.youtube.com/@TheMetroHub24,https://www.tiktok.com/@metrokcfitness,https://metrokcfitness.com/contact//
Chiefs Fit,9290 Metcalf Ave,Overland Park,KS,66212,(913) 914-5858,https://chiefsfit.com/,contactus@chiefsfit.com,https://www.facebook.com/chiefsfit,https://www.instagram.com/chiefsfit,https://x.com/ChiefsFit,https://www.linkedin.com/company/chiefs-fit/,No Youtube Profile Found,https://www.tiktok.com/@chiefsfit,https://chiefsfit.com/locations/overland-park/
Newport Fitness,15 West 6th Street,Newport,KY,41071,(859) 376-5474,https://www.newport-fitness.com/,info@newport-fitness.com,https://www.facebook.com/newportkyfitness,https://www.instagram.com/newportkyfitness/,https://x.com/newport_fitness,https://www.linkedin.com/company/newport-fitness/,No Youtube Profile Found,No Tiktok Account Found,https://www.newport-fitness.com/
The Factory Gym,"4709 Allmond Ave, #3b",Louisville,KY,40209,(502) 290-4960,https://www.thefactory502.com/,info@thefactory502.com,https://www.facebook.com/thefactory502,https://www.instagram.com/thefactory502/,https://x.com/factorygym502,https://www.linkedin.com/company/factory-gym/,No Youtube Profile Found,https://www.tiktok.com/@the.factory.gym,https://www.thefactory502.com/
G-Fit NOLA,8350 Earhart Blvd,New Orleans,LA,70118,(504) 399-9898,https://g-fit.co/,nola@g-fit.co,https://www.facebook.com/gfitnola/,https://www.instagram.com/gfit.co/,https://x.com/gfitneworleans,No Linkedin Profile Available,https://www.youtube.com/@AlineLAdams,https://www.tiktok.com/@gfit.co,https://g-fit.co/contact-us/
Regymen Fitness,"14663 Airline Hwy,  Suite 101",Gonzales,LA,70737,(225) 744-6495,https://regymenfitness.com/,info@regymenfitness.com,https://www.facebook.com/REGYMENFitness/,https://www.instagram.com/regymenfitness/,https://x.com/regymenfitness,https://www.linkedin.com/company/regymen-fitness/,https://www.youtube.com/@regymenfitness4546/,https://www.tiktok.com/@regymenfitnessbatonrouge,https://regymenfitness.com/contact-us/
Bay Club Fitness,One City Center,Portland,ME,04101,(207) 772-5444,https://www.bayclubfitness.com/,tracy@bayclubfitness.com,https://www.facebook.com/bayclub/,https://www.instagram.com/bayclubportland/,https://x.com/BayClubFitness,https://www.linkedin.com/company/bay-club-fitness/,https://www.youtube.com/@TheBayClub,https://www.tiktok.com/@bayclubs,https://www.bayclubfitness.com/contact/
Jacked and Jilled,184 Main S,South Portland,ME,04106,(207) 200-1221,https://www.jackedandjilled.com/,info@jackedandjilled.com,https://www.facebook.com/jackedjilled,https://www.instagram.com/jackedjilled/,https://x.com/jackedandjilled,https://www.linkedin.com/company/jacked-and-jilled/about/,https://www.youtube.com/@jackedjilled/,No Tiktok Account Found,https://www.jackedandjilled.com/contact
Edgewater Fitness,5 Mayo Rd,Edgewater,MD,21037,(410) 956-9392,https://www.edgewaterfit.com/,info@edgewaterfit.com,https://www.facebook.com/edgewaterfit/,https://www.instagram.com/edgewaterfit/?hl=en,https://x.com/EdgewaterFit,https://www.linkedin.com/company/edgewater-fitness/,https://www.youtube.com/@EdgewaterFit/,No Tiktok Account Found,https://www.edgewaterfit.com/contact
Gold's Gym,"1723 Ritchie Station Ct, A",Capitol Heights,MD,20743,(301) 333-4653,https://www.goldsgym.com/,support@goldsgym.com,https://www.facebook.com/goldsgymlargo/,https://www.instagram.com/goldsritchiestation/,https://x.com/GoldsGymMD,https://www.linkedin.com/company/gold's-gym,https://www.youtube.com/@GoldsGymChannel,https://www.tiktok.com/@goldsgym,https://maps.app.goo.gl/sTx8vVeQANxZ5ShQ7
Lynx Fitness Club,64 Arlington St,Boston,MA,02116,(857) 990-3785,https://lynxfitnessclub.com/,membership@lynxfitnessclub.com,https://www.facebook.com/lynxfitnessclub,https://www.instagram.com/lynxfitnessclub,https://x.com/LynxFitnessClub,https://www.linkedin.com/company/lynx-fitness-boston,https://www.youtube.com/@lynxfitnessclubvirtual1921,https://www.tiktok.com/@lynxfitnessclub_boston,https://lynxfitnessclub.com/contact
NB Fitness Club,40 Life St,Brighton,MA,02135,(617) 987-8400,https://www.nbfitnessclub.com/,info@nbfitnessclub.com,https://www.facebook.com/nbfitnessclub,https://www.instagram.com/nbfitnessclub/,https://x.com/NBFitnessClub,https://www.linkedin.com/company/nb-fitness-club/,https://www.youtube.com/@nbfitnessclub4186,No Tiktok Account Found,https://www.nbfitnessclub.com/contact/
8th Day Gym - Functional Fitness,"130 Market Ave SW, #106",Grand Rapids,MI,49503,(616) 258-6229,https://www.8thdaygym.com/,info@8thdaygym.com,https://www.facebook.com/8thDayGym,https://www.instagram.com/8thdaygym/,https://x.com/8thDayGym,https://www.linkedin.com/company/8th-day-gym/about/,https://www.youtube.com/@8thDayGym,https://x.com/8thdaygym,https://www.8thdaygym.com/contact/
Xtreme Fitness & Recovery,47163 Gratiot Ave,Chesterfield,MI,48051,(586) 949-3220,https://www.xtremefitnessmi.com/,xtremefitnesschesterfield@gmail.com,https://www.facebook.com/XtremeFitnessGym586/,https://www.instagram.com/xtremefitnesschesterfield/,https://x.com/Xtremefitness19,https://www.linkedin.com/company/xtremefitnessgym/,https://www.youtube.com/@XtremeFitnessGym247,https://www.tiktok.com/@xtreme.fitness.re,https://www.xtremefitnessmi.com/contact-us
Status Strength and Fitness,4832 Park Glen Rd,St Louis Park,MN,55416,(763) 209-4109,https://statusslp.com/,lucas@statusslp.com,https://www.facebook.com/StatusStrengthandFitness/,https://www.instagram.com/status_strength,https://x.com/StatusSLP,https://www.linkedin.com/company/status-fitness/about/,https://www.youtube.com/@StatusSLP,No Tiktok Account Found,https://statusslp.com/contact/
Solcana Fitness,3016 Minnehaha Ave,Minneapolis,MN,55406,(612) 808-0252,https://www.solcanafitness.com/,info@solcanafitness.com,https://www.facebook.com/solcanafitness,https://www.instagram.com/solcanafitness/,https://x.com/SolcanaFitness,https://www.linkedin.com/company/solcana/,https://www.youtube.com/@solcanafitness1598,https://www.tiktok.com/@solcanafitness,https://www.solcanafitness.com/
Madison Healthplex Performance Training Center,501 Baptist Dr,Madison,MS,39110,(601) 856-7757,https://www.healthplexperformance.com/,hello@healthplexperformance.com,https://www.facebook.com/HealthplexPC/,https://www.instagram.com/madison-healthplex-performance-center/,https://x.com/HealthplexPC,https://www.linkedin.com/company/madison-healthplex-performance-center/,https://www.youtube.com/@madisonhealthplexperfomanc7518,https://www.tiktok.com/@madisonhealthplex,https://www.healthplexperformance.com/contact-healthplex
Crunch Fitness - Hattiesburg,"4501 Hardy Street, Suite 50",Hattiesburg,MS,39402,(601) 336-5322,https://www.crunch.com/locations/hattiesburg,crunchms@crunch.com,https://www.facebook.com/CrunchHattiesburg/,https://www.instagram.com/crunchhattiesburg/,https://x.com/MyOne80Fitness,https://www.linkedin.com/company/crunch-fitness/,https://www.youtube.com/@crunchgym,https://www.tiktok.com/@crunchfitnesshattiesburg,https://www.healthplexperformance.com/contact-healthplex
Wild Horse Fitness,920 Kehrs Mill Rd,Ballwin,MO,63011,(636) 686-7494,https://www.wildhorsefitness.com/,wildhorsefitness@gmail.com,https://www.facebook.com/WildhorseFitness/,https://www.instagram.com/explore/locations/236912962/wild-horse-fitness/?hl=en,https://x.com/WildHorseFit,https://www.linkedin.com/company/wild-horse-fitness-llc/,https://www.youtube.com/@wildhorsefitness1020,No Tiktok Account Found,https://www.wildhorsefitness.com/contact
Body Refinery Gym,"120 E Nifong Blvd, Ste. D",Columbia,MO,65203,(573) 228-9424,https://www.bodyrefinerygym.com/,info@bodyrefinerygym.com,https://www.facebook.com/bodyrefinerygym/,https://www.instagram.com/bodyrefinerygym/,https://x.com/BodyRefineryGym,https://www.linkedin.com/company/body-refinery-gym/about/,No Youtube Profile Found,No Tiktok Account Found,https://www.bodyrefinerygym.com/
Logan Health Medical Fitness Center,205 Sunnyview Lane.,Kalispell,MT,59901,(406) 751-4100,https://www.logan.org/fitness/logan-health-medical-fitness-center/,fitnessinfo@logan.org,https://www.facebook.com/LoganHealthFitness/,https://www.instagram.com/loganhealthfitness/,https://x.com/loganhealth__,https://www.linkedin.com/company/logan-health,https://www.youtube.com/@loganhealth__,No Tiktok Account Found,https://www.logan.org/fitness/logan-health-medical-fitness-center/
Fuel Fitness Bozeman,2125 Boot Hill Ct,Bozeman,MT,59715,(406) 624-0026,https://www.fuel406.com/,bozeman@fuel406.com,https://www.facebook.com/fuelbozeman/,https://www.instagram.com/fuel_bozeman/,https://x.com/Fuel406,https://www.linkedin.com/company/fuel-fitness-and-nutrition/,No Youtube Profile Found,No Tiktok Account Found,https://www.fuel406.com/bozeman/
VASA Fitness,14445 W Center Rd,Omaha,NE,68144,(402) 534-1193,https://vasafitness.com/,support@vasafitness.com,https://www.facebook.com/BestGymEver/,https://www.instagram.com/vasafitness/,https://twitter.com/vasafitness,https://www.linkedin.com/company/vasa-fitness-health-clubs/,https://youtube.com/vasafitness,https://www.tiktok.com/@vasafitness,https://support.vasafitness.com/article?id=216072848&category=General&sectionTitle=Contact%20Us
Body Masters Fit Club,"13239 Portal Dr, Suite 107",Omaha,NE,68138,(402) 532-1133,https://bodymastersfitclub.com/,chris@Bodymastersfitclub.com,https://www.facebook.com/bodymastersfitclub,https://www.instagram.com/bodymastersfitclub,https://x.com/BodyMastersFit,https://www.linkedin.com/in/chris-schanou-704baa45/,https://www.youtube.com/@bodymastersfitclub,https://www.tiktok.com/@bodymastersfitclub,https://bodymastersfitclub.com/
Fitness Connection,3310 Kietzke Ln,Reno,NV,89502,(775) 418-8880,https://fitnessconnection.com/,wecare@fitnessconnection.com,https://www.facebook.com/FCKietzkeCenter/,https://www.instagram.com/fitnessconnection/,https://x.com/FitCoUSA,https://www.linkedin.com/company/fitness-connection-usa/,https://www.youtube.com/@FitCoUSA,https://www.tiktok.com/@fitnessconnectionusa,https://fitnessconnection.com/gyms/kietzke-centerr
Smash Iron Fitness,"2350 S Rainbow Blvd, STE 8",Las Vegas,NV,89146,(866) 767-4476,https://smashironfitness.com/,info@smashironfitness.com,https://www.facebook.com/smashironfitness/,https://www.instagram.com/smashironfitness/,https://x.com/smashironlv,https://www.linkedin.com/company/smash-iron-fitness/,https://www.youtube.com/@smashironfitness,https://www.tiktok.com/@smashironfitness,https://smashironfitness.com/contact-us
The Zoo Health Club Derry,35 Manchester Rd,Derry,NH,03038,(603) 216-2091,https://zoogymnh.com/,rob@zoogymnh.com,https://www.facebook.com/thezoohealthclubs/,https://www.instagram.com/zoohealthclubs,https://x.com/zoogymmanchstr,https://www.linkedin.com/company/the-zoo-gym/,https://www.youtube.com/@zoohealthclubcorporate,No Tiktok Account Found,https://maps.app.goo.gl/4YTVjzgLW5x9SQZU9
EvoFit,"23 Cataract Ave, Suite 2B",Dover,NH,03820,(603) 343-4078,https://www.evofitnh.com/,info@evofitnh.com,https://www.facebook.com/evof1t/,https://www.instagram.com/evofit.nh/,https://x.com/evofit,https://www.linkedin.com/company/evofitnh/,https://www.youtube.com/@EvoFit-11,https://www.tiktok.com/@_evofit_,https://www.evofitnh.com/contact/
Chuze Fitness,7400 Indian School Rd NE,Albuquerque,NM,87110,(505) 596-2950,https://chuzefitness.com/gym-locations/nm/albuquerque-winrock-town-center/,media@chuzefitness.com,https://www.facebook.com/ChuzeFitness/,https://www.instagram.com/chuzefitness/,https://x.com/ChuzeFitnesB,https://www.linkedin.com/company/chuze-fitness/,https://www.youtube.com/@chuzefitness/,https://www.tiktok.com/@chuzefitness,https://chuzefitness.com/gym-locations/nm/albuquerque-winrock-town-center/
Santa Fe Spa,786 Calle Mejia,Santa Fe,NM,87501,(505) 984-8727,https://santafespa.info/,contact@santafespa.com,https://www.facebook.com/santafespa,https://www.instagram.com/santa-fe-spa/,https://x.com/santafegym,No Linkedin Profile Available,https://www.youtube.com/@santafespa4155,No Tiktok Account Found,https://santafespa.info/
Franklin Health and Fitness,1214 E Main St,Franklin,NC,28734,(828) 574-4481,https://franklinhealthandfitness.com/,membership@franklinhealthandfitness.com,https://www.facebook.com/FranklinHealthandFitness/,https://www.instagram.com/franklinhealthandfitness/,https://x.com/franklinfitness,https://www.linkedin.com/company/franklin-health-&-fitness-center/about/,https://www.youtube.com/@franklinhealthfitness2563,No Tiktok Account Found,https://franklinhealthandfitness.com/contactus/
Current Wellness,219 S East St,Raleigh,NC,27601,(919) 424-8084,https://currentwellnessraleigh.com/,info@currentwellnessraleigh.com,https://www.facebook.com/currentwellnessraleigh,https://www.instagram.com/current_wellness,https://x.com/current_raleigh,https://www.linkedin.com/company/current-wellness/,https://www.youtube.com/@currentwellness2544,No Tiktok Account Found,https://currentwellnessraleigh.com/
Verge Fitness,517 5th St,Bismarck,ND,58504,(701) 258-4653,https://verge-fitness.com/,info@verge-fitness.com,https://www.facebook.com/vergefit/,https://www.instagram.com/verge_fitness/,https://x.com/vergefit,https://www.linkedin.com/company/verge-fitness/,No Youtube Profile Found,https://www.tiktok.com/@verge_fitness,https://verge-fitness.com//
F45 Training West Fargo ND,1970 Sheyenne St,West Fargo,ND,58078,(701) 557-7284,https://f45training.com/studio/westfargond/,westfargond@f45training.com,https://www.facebook.com/F45FunctionalTraining,https://instagram.com/f45_training/,https://x.com/F45Training,https://www.linkedin.com/company/f45train/,https://www.youtube.com/@f45trainingwestfargond48,https://www.tiktok.com/@f45_training,https://f45training.com/studio/westfargond/
Full Throttle Fitness,"400 Lazelle Rd, #10",Columbus,OH,43240,(614) 825-6906,https://www.fullthrottlefitnesscolumbus.com/,info@ftf614.com,https://www.facebook.com/FullThrottleFitnessLTD,https://www.instagram.com/fullthrottlefitnesscolumbus/,https://x.com/FTF614,https://www.linkedin.com/company/full-throttle-fitness/,https://www.youtube.com/@fullthrottlefitnesscolumbus/,No Tiktok Account Found,https://www.fullthrottlefitnesscolumbus.com/
Paragon Health & Fitness,19970 Ingersoll Dr,Rocky River,OH,44116,(440) 294-6591,https://paragoncle.com/,info@paragoncle.com,https://www.facebook.com/paragoncle/,https://www.instagram.com/paragon_cle/,https://x.com/paragoncle,https://www.linkedin.com/company/paragon-health-fitness/,https://www.youtube.com/@adamreeder5786/,No Tiktok Account Found,https://paragoncle.com/
Colaw Fitness,584 SE Washington Blvd,Bartlesville,OK,74006,(918) 766-3353,https://colawfitness.com/gyms/bartlesville-ok/,info@colawfitness.com,https://www.facebook.com/fitness.colaw/,https://www.google.com/www.instagram.com/colaw-fitness-bartlesville,https://twitter.com/ColawFitness,https://www.linkedin.com/company/colaw-fitness/about/,https://www.youtube.com/@colawfitness8165,No Tiktok Account Found,https://colawfitness.com/contact/
Fitcamp 180,"14300 N Lincoln Blvd, #114",Edmond,OK,73013,(405) 608-8860,https://www.fitcamp180.com/,contact@fitcamp180.com,https://www.facebook.com/FITCAMP180,https://www.instagram.com/fitcamp180/,https://x.com/FitCamp180/,https://www.linkedin.com/company/fitcamp-180/,https://www.youtube.com/@fitcamp180,https://www.tiktok.com/@fitcamp180,https://www.fitcamp180.com/contact
West Coast Strength,"1009 Green Acres Rd, Suite 101",Eugene,OR,97408,(541) 484-0970,https://westcoaststrength.com/,info@westcoaststrength.com,https://www.facebook.com/wcstrength.official,https://www.instagram.com/wcstrength.official,https://x.com/wcstrengthgym,https://www.linkedin.com/company/west-coast-strength-llc/,https://www.youtube.com/@westcoaststrength4012,No Tiktok Account Found,https://maps.app.goo.gl/houmGCn98bBdMhN69
Lloyd Athletic Club,"815 NE Halsey St, Suite B Studio 1",Portland,OR,97232,(503) 287-4594,https://lloydathleticclub.com/,membership@lloydathleticclub.com,https://www.facebook.com/LloydAthleticClub,https://www.instagram.com/lloydathleticclub/,https://x.com/lloyd_athletic,https://www.linkedin.com/in/lloyd-athletic-club-0b5203193/,No Youtube Profile Found,No Tiktok Account Found,https://lloydathleticclub.com/
Healthtrax Fitness & Wellness,15 Catamore Blvd,East Providence,RI,02914,(401) 434-3600,https://www.healthtrax.com/locations/east-providence,marketing@healthtrax.net,https://www.facebook.com/healthtrax,https://www.instagram.com/healthtraxfitnesswellness,https://x.com/HealthtraxFW,https://www.linkedin.com/company/healthtrax-fitness-&-wellness/,https://www.youtube.com/@HealthtraxFitness,No Tiktok Account Found,https://www.healthtrax.com/locations/east-providencee
VP Fitness,"10 Dorrance St, #200",Providence,RI,02903,(401) 479-7099,https://vpfitness.net/,info@vpfitness.net,https://www.facebook.com/VPFitnessLLC,https://www.instagram.com/vpfitness/,https://x.com/vpfitnessllc,https://www.linkedin.com/company/vp-fitness-llc/,https://www.youtube.com/@VPFitnessProvidence,https://www.tiktok.com/@vpfitnessri,https://vpfitness.net/contact/
McLeod Health & Fitness Center,2437 Willwood Dr,Florence,SC,29501,(843) 777-3000,https://www.mcleodhealth.org/services/wellness/health-fitness/,mcleodimresidency@mcleodhealth.org,https://www.facebook.com/McLeodHealth/,https://www.instagram.com/mcleodhealth,https://x.com/mcleodhealth,https://www.linkedin.com/company/mcleod-health-and-fitness-center/,https://www.youtube.com/@McLeodHealth,No Tiktok Account Found,https://www.mcleodhealth.org/locations/mcleod-regional-medical-center-florence/contact-us/
Onelife Fitness - Forest Acres,4114 Forest Dr,Columbia,SC,29206,(803) 787-4950,https://www.onelifefitness.com/gyms/forest-acres,forestacres@onelifefitness.com,https://www.facebook.com/onelifefitness,https://www.instagram.com/onelifefit/,https://x.com/OnelifeFitness,https://www.linkedin.com/company/onelife-fitness/,https://www.youtube.com/@onelifefitnessofficial2035,https://www.tiktok.com/@onelifefit,https://www.onelifefitness.com/gyms/forest-acres
GreatLIFE Performance & Fitness Center,"5901 S Southeastern Ave, #102",Sioux Falls,SD,57108,(605) 271-7324,https://joingreatlife.com/greatlife-performance-center/,"membersupport@joingreatlife.com",https://www.facebook.com/JoinGreatLIFE/,https://www.instagram.com/greatlife_boxing_and_fitness/,https://x.com/joingreatlife,https://www.linkedin.com/company/greatlife-golf-and-fitness/,https://www.youtube.com/@greatlifegolffitness7282,https://www.tiktok.com/@greatlifetopeka,https://joingreatlife.com/greatlife-performance-center/
Powershop Gym,514 Main Ave.,Brookings,SD,57006,(605) 692-1003,https://powershopgym.com/,pam@powershopgym.com,https://www.facebook.com/powershopgym/,https://www.instagram.com/powershop-gym-inc,https://x.com/Powershopgym,https://www.linkedin.com/company/powershop-gym/about/,https://www.youtube.com/@powershopgyminc5049,No Tiktok Account Found,https://powershopgym.com/wp-content/uploads/2021/06/Welcome-To-Powershop.pdf
QNTM Fit Life,114 George L Davis Blvd,Nashville,TN,37203,(615) 942-9006,https://qntmfitlife.com/,support@smarthealthclubs.com,https://www.facebook.com/QNTMFitLife/,https://instagram.com/qntmfitlife/,https://x.com/QNTMFitLife,https://www.linkedin.com/company/qntm-fit-life/,https://www.youtube.com/@qntmfitlife8387,https://www.tiktok.com/@qntmfitlife,https://qntmfitlife.com/contact-us-5929
TruFit Athletic Clubs, 1622 Middle Tennessee Blvd,Murfreesboro,TN,37130,(615) 546-0005,https://trufitathleticclubs.com/gym-near-me/tru-fit-tennessee/nashville/murfreesboro/,support@trufitathleticclubs.com,https://www.facebook.com/TruFitAthleticClubs/,https://www.instagram.com/trufitathleticclubs/,https://x.com/TrufitMccreless,https://www.linkedin.com/company/trufit-athletic-clubs/,https://www.youtube.com/@trufitathleticclubs,https://www.tiktok.com/@trufitathleticclubs,https://trufitathleticclubs.com/gym-near-me/tru-fit-tennessee/nashville/murfreesboro/
Xcel Fitness,6151 Highland Dr,Holladay,UT,84121,(801) 274 9235,https://xcelfitness.com/,contactus@xcelfitness.com,https://www.facebook.com/XcelFitnessUT,https://www.instagram.com/xcelfitness/,https://x.com/XcelFitnessUT,https://www.linkedin.com/company/xcelfitnesscenter/,https://www.youtube.com/@xcelfitness9958,https://www.tiktok.com/@xcelfitness,https://xcelfitness.com/contact/
EōS Fitness,515 S 700 E,Salt Lake City,UT,84102,(801) 850-9810,https://www.eosfitness.com/,datarequest@eosfitness.com,https://www.facebook.com/EoSFitness,https://www.instagram.com/eosfitness,https://x.com/goeosfit,https://www.linkedin.com/company/eosfitness,https://www.youtube.com/@GoEOSfit,https://www.tiktok.com/@eosfitness,https://www.eosfitness.com/contact-form
Snap Fitness Burlington,1127 North Ave,Burlington,VT,05408,(802) 881-6553,https://www.snapfitness.com/us/gyms/burlington-vt,burlingtonvt@snapfitness.com,https://www.facebook.com/SnapFitness247/,https://www.instagram.com/snapfitness/,https://x.com/snapfitness,https://www.linkedin.com/company/snap-fitness-24-7-global/,https://www.youtube.com/user/snapfitness247,No Tiktok Account Found,https://www.snapfitness.com/us/gyms/burlington-vt
Orangetheory Fitness,580 Shelburne Rd,South Burlington,VT,05403,(802) 444-0181,https://www.orangetheory.com/en-us,marketing@otfdfw.com,https://www.facebook.com/OrangetheoryFitness/,https://www.instagram.com/orangetheory/,https://x.com/orangetheory,https://www.linkedin.com/company/orangetheory-fitness/,https://www.youtube.com/@orangetheory,https://www.tiktok.com/@orangetheory,https://www.orangetheory.com/en-us/locations
Wareing's Gym,700 19th St,Virginia Beach,VA,23451,(757) 491-0700,https://wareingsgym.com/,jake@wareingsgym.com,https://www.facebook.com/WareingsGym/,https://www.instagram.com/wareingsgym/,https://x.com/wareings_gym,https://www.linkedin.com/company/wareings-gym-inc/about/,https://www.youtube.com/@wareingsgym6235,https://x.com/Wareings_Gym,https://wareingsgym.com/
Natural Bodyz Fitness 24/7 ,5300 Kemps River Dr.,Virginia Beach,VA,23464,(757) 234-9157,http://www.naturalbodyzfitness.com/,tbt@naturalbodyzfitness.com,https://www.facebook.com/naturalbodyzfitnesskempsville,https://www.instagram.com/naturalbodyzfitness/,https://x.com/NaturalBodyz,https://www.linkedin.com/company/natural-bodyz-fitness---open-24-7/,https://www.youtube.com/@naturalbodyzfitness247kemp4/,https://www.tiktok.com/@naturalbodyz,https://naturalbodyzfitness.com/contact/
Olympic Athletic Club,5301 Leary Ave NW,Seattle,WA,98107,(206) 789-5010,https://www.olympicathleticclub.com/,requests@olympicathleticclub.com,https://www.facebook.com/olympicathleticclub,https://www.instagram.com/olympicathleticclub/,,https://www.linkedin.com/company/olympic-athletic-club/,https://www.youtube.com/@OlympicAthleticClubBallard,https://www.tiktok.com/@olympicathleticclub,https://www.olympicathleticclub.com/contact-us/
Rain City Fit,1516 11th Ave,Seattle,WA,98122,(206) 258-4935,https://www.raincityfit.com/,ben@raincityfit.com,http://www.facebook.com/raincityfit,http://instagram.com/raincityfit,https://x.com/raincityfit,https://www.linkedin.com/in/thomas-howes-80102247/,https://www.youtube.com/@raincityfit121,No Tiktok Account Found,https://www.raincityfit.com/contact
WV Fitness 24,119 Tolley Drive,Bridgeport,WV,26330,(304) 842-9117,https://www.wvfitness.com/,manager@wvfitness.com ,https://www.facebook.com/wvfitness,https://www.instagram.com/wvfitness24,https://x.com/wvfitness24,https://www.linkedin.com/company/wv-fitness-24/,https://www.youtube.com/@wvfitness2465,No Tiktok Account Found,https://www.wvfitness.com/
Next Level Fitness,"2600 Middletown Cir, suite 253",White Hall,WV,26554,(681) 214-4184,https://liftnextlevel.com/,cs@liftnextlevel.com,https://www.facebook.com/liftnextlevel,https://www.instagram.com/liftnextlevel/,https://x.com/lift_next_level,https://www.linkedin.com/company/next-level-fitness-llc/,https://www.youtube.com/@user-nextlevelfitness,https://www.tiktok.com/@liftnextlevel,https://liftnextlevel.com/
Prairie Athletic Club,"1010 N Bird St, Suite 100",Sun Prairie,WI,53590,(608) 837-4646,https://web.prairieathletic.com/,b.hanson@prairieathletic.com,https://www.facebook.com/prairieathleticclub/,https://www.instagram.com/prairieathletic/,https://x.com/prairieathletic,https://www.linkedin.com/company/sun-prairie-athletic-club/,https://www.youtube.com/@prairieathleticclub1761/,No Tiktok Account Found,https://maps.app.goo.gl/nf1CpbhuvSjjziyz5
Madtown Fitness: 24 Hour Gym,1509 Emil St ,Madison,WI,53713,(608) 270-9606,https://www.madtownfitness.com/,info@mfgym.net,https://www.facebook.com/MadtownFitness/,https://www.instagram.com/madtownfitness/,https://x.com/MadTownFitness,https://www.linkedin.com/company/madtown-fitness-llc/about/,https://www.youtube.com/@madtownfitness8663,https://www.tiktok.com/@madtownfitness,https://www.madtownfitness.com/contact
Laramie Fitness,208 E McConnell St,Laramie,WY,82072,(307) 742-8136,https://www.laramiefitness.com/,info@laramiefit.com,https://www.facebook.com/LaramieFitness,https://www.instagram.com/laramiefitness/,https://x.com/LaramieFitness,https://www.linkedin.com/company/laramie-fitness/about/,https://www.youtube.com/@laramiefit,https://www.tiktok.com/@laramiefit,https://www.laramiefitness.com/contact
Altitude Fitness,"3905 Grand Ave,  #100",Laramie,WY,82070,(307) 460-3414,https://www.altitudefitness307.com/,getfit@altitudefitness307.com,https://www.facebook.com/altitudefitness307,https://www.instagram.com/altitudefitness307,https://x.com/altitudefit307,https://www.linkedin.com/company/altitude-fitness/,No Youtube Profile Found,https://www.tiktok.com/@altitude.fitness7,https://www.altitudefitness307.com/