Company Name,Physical Address,Website,Phone Number,Business Email Address
Frog's Auto Repair,"1154 S Loop Blvd, Lehigh Acres, FL 33936",http://frogs-auto-repair.poi.place/,(239) 368-5555,info@eastleechamber.com
Independently VOVO,"2420 Concorde Dr #13, Fort Myers, FL 33901",http://independently-vovo-inc.hub.biz,(239) 275-2020,rutzker@gmail.com
My Mechanic (The Affordable Automotive Repair Shop),"6507 San Casa Dr, Englewood, FL 34224",http://mymechanicenglewood.com/,(941) 623-5289,mymechanicenglewood@gmail.com
Quality One Auto Care,"19 Hardee St, LaBelle, FL 33935",http://quality1autocare.com/,(863) 675-6106,mail@RAVI.COM
Collier Mobile Auto Repair,"540 10th St SE, Naples, FL 34117",http://www.colliermobileautorepair.com/,(239) 352-7111,Mobileauto2009@gmail.com
"Island Automotive, Inc.","801 E Elkcam Cir, Marco Island, FL 34145",http://www.islandautomotiveinc.com/,(239) 394-1887,docwheels@hotmail.com
Latimer Auto Repair,"4184 Arnold Ave, Naples, FL 34104",http://www.latimerautorepair.com/,(239) 643-6620,info@latimerautorepair.com
Benz Connection of Naples,"3126 Davis Blvd, Naples, FL 34104",http://www.thebenzconnection.net/,(239) 774-9290,benzconnection3126@gmail.com
A-1 Auto Care,"2921 Avenue of the Americas, Englewood, FL 34224",https://a1autocareenglewood.com/,(941) 473-3144,a1autocareservice@yahoo.com
A J Auto Repair,"15580 McGregor Blvd #1, Fort Myers, FL 33908",https://ajautorepairfl.mechanicnet.com/,(239) 432-2882,ajautorepairfl@mechanicnet.com
All About Cars Auto Repair,"5649 2nd St W #101, Lehigh Acres, FL 33971",https://allaboutcarsautorepair.com/,(239) 303-0444,
Alpha Mobile Mechanics,"2511 8th Ave SE, Naples, FL 34117",https://alphamobilemechanics.com/,(407) 300-1766,Alpharepairtechs@gmail.com
Beach Fender Mender,"15605 Pine Ridge Road, Fort Myers, FL 33908",https://beachfendermender.com/,(239) 433-4222,beachfendermender@embarqmail.com
Best Friends Automotive,"212 Tampa Ave E, Venice, FL 34285",https://bestfriendsvenice.com/,(941) 451-8239,info@bestfriendsvenice.com
Bimmer Boys Naples,"271 Commercial Blvd, Naples, FL 34104",https://bimmernaples.com/,(239) 350-3025,service@bimmernaples.com
Bimmex,"25241 Bernwood Drive, Bonita Springs, FL 34135",https://bimmex.com/index.html,(877) 561-8630,alex@bimmex.com
Brock’s Auto Repair,"3181 Palm Beach Blvd, Fort Myers, FL 33916",https://brocksautorepair.net/,(239) 445-7637,brocksautorepair@icloud.com
Advanced Automotive Professionals Inc.,"12640 McGregor Blvd, Fort Myers, FL 33919",https://carsonmcgregor.com/,(239) 481-6313,webuycarzcash@yahoo.com
Certified Automotive Repair,"2217 Andrea Ln, Fort Myers, FL 33912",https://certifiedautoswfl.com/,(239) 482-4048,
C & G Auto LLC,"3740 16th Ave SE, Naples, FL 34117",https://cgautonaples.com/,(239) 404-8689,cgauto623@gmail.com
Charlie's Auto Fix,"978 Pondella Rd, North Fort Myers, FL 33903",https://charliesautofix.com/,(239) 656-6233,charliesautofix@gmail.com
Chet's Courtesy Automotive,"1863 Tamiami Trail N Naples, FL 34102",https://chetscourtesyauto.com/,(239) 262-4565,
Clemente's Auto Care,"4627 Enterprise Ave # B, Naples, FL 34104",https://clementesautocare.com/,(239) 306-7192,clementesautocare4627@gmail.com
C.Marks Auto Repair,"2339 Bruner Lane, Fort Myers, FL 33912",https://cmarksautorepair.com/,(239) 482-7702,cmarksautorepair@gmail.com
Crank Up Mobile Auto Repair,"5585 Shirley St, Unit D, Naples, FL 34109",https://crankupmobileautorepair.com/,(239) 302-9559,crankupmobileautorepair@gmail.com
D&T Auto - Mobile Mechanic L.L.C,"Testerman Ct, Lehigh Acres, FL 33974",https://dayjohns-auto.square.site/,(239) 209-5900,dtautomechanic@gmail.com
Debold German Auto,"24830 Old 41 Rd, Bonita Springs, FL 34135",https://deboldauto.com/,(239) 947-6155,
Dynamic Automotive & Truck Service,"3086 Fowler St, Fort Myers, FL 33901",https://dynamicfl.com/,(239) 421-2929,service@dynamicfl.com
Edison Auto Service,"28 Mildred Drive, Fort Myers, Florida 33901",https://edisonautoservice.com/,(239) 778-0611,info@edisonautoservice.com
European Auto Repair of Naples,"4378 Domestic Ave Unit B, Naples, FL 34104",https://europeanautorepairofnaples.com/,(239) 692-9741,europeanautorepairofnaples@gmail.com
EuroTech Auto Service & Repair,"17081 Cam Court, Unit 1 & 2, Fort Myers, FL 33967",https://eurotechfl.com/,(239) 268-6635,
Modern Auto Air of Fort Myers,"15120 S Tamiami Trail, Fort Myers, FL 33908",https://ft-myers-auto-air.com/,(239) 433-3757,modernaa@comcast.net
Greer Automotive and Performance,"11901 Fox Hill Rd, North Fort Myers, FL 33917",https://gapautoshopflorida.com/,(239) 800-5257,office@gapautoshopflorida.com
Garage 66 Naples,"4206 Enterprise Ave Suite 6, Naples FL 34104",https://garage66naples.com/,(239) 231-3076,fyeinier@gmail.com
GLO Auto Repair,"1138 Pondella Rd, Cape Coral, FL 33909",https://gloautorepair.com/,(239) 422-8857,unlimitedcustomcarmj@gmail.com
Gordon Auto Service,"8090 Gladiolus Dr, Fort Myers, FL 33908",https://gordonautoservice.com/,(239) 270-5152,gas786fm@gmail.com
Gorman's Auto Service & Tire Center,"710 E Elkcam Circle, Marco Island, FL 34145",https://gormansauto.com/,(239) 394-3944,gormansauto@comcast.net
Gulfcoast Eurowerkes,"17341 Alico Center Road Ste A, Fort Myers, FL 33967",https://gulfcoasteurowerkes.com/,(239) 356-0213,
Horst's Bavarian Auto Works,"103 Corporation Way, Venice, FL 34285",https://hbautoworks.com/,(941) 484-7455,admin@hbautoworks.com
Hi-Tech Auto Works,"876 Cape Coral Pkwy E, Cape Coral, FL 33904",https://hitechautowork.com/,(239) 268-3131,info@hitechautowork.com
Independent EV Repair,"North Fort Myers, Florida 33917",https://independentevrepair.com/,(813) 409-8211,don@independentevrepair.com
Island Garage,"1609 Periwinkle Way, Sanibel, FL 33957",https://islandgarage.com/,(239) 472-4318,
JSN Auto Repair — Venice Island,"2350 Kings Hwy, Port Charlotte, FL 33980",https://jsnautorepair.com/venice-island/,(941) 205-7429,Marketing@JSNAutoRepair.com
Lee County Tires & Transmissions & Mechanic,"3210 Fowler St, Fort Myers, FL 33901",https://leecountytrans-autorepair.us/home,(239) 936-0541,Leecountytransm32@yahoo.com
United Transmission Services Inc,"12541 Metro Pkwy # 15, Fort Myers, FL 33966",https://leetransmissionauto.com/english/,(239) 933-5750,service@leetransmissionauto.com
Lee Transmission & Auto Repair,"5583 Lee St. Unit #12, Lehigh Acres, FL. 33971",https://leetransmissionauto.com/english/,(239) 933-5750,service@leetransmissionauto.com
Legendary Automotive And Truck Service,"1921 Courtney Dr, Fort Myers, FL 33901",https://legendaryfl.com/,(239) 277-1004,service@legendaryfl.com
Masella’s Auto Repair,"823 U.S. 41 Bypass S, Venice, FL 34285",https://masellasautorepair.com/,(941) 488-1122,Office@MasellasAutoRepair.com
Master Tech Imports,"4006 Progress Ave #1, Naples, FL 34104",https://mastertechimports.com/,(239) 643-4737,
OEM Auto Repair,"10080 Intercom Dr Unit A14, Fort Myers, FL 33913",https://mechanicfortmyers.com/,(239) 478-3965,oemautorepair@gmail.com
Auto Europa Naples,"4499 Corporate Square Ste A, Naples, FL 34104",https://mercedesexpert.com/,(239) 649-7300,robert@mercdesexpert.com
Micky Franklin's Tire & Auto,"300 Pondella Rd, North Fort Myers, FL 33903",https://mickyfranklins.com/,(239) 995-8473,
My Solution Guys,"3840 Everglades Blvd N, Naples, FL 34120",https://mysolutionguys.com/,(239) 745-7305,mysolutionguys@gmail.com
"Naples Auto Repair, Inc.","2225 J and C Blvd, Naples, FL 34109",https://naplesautorepairinc.com/,(239) 592-0511,
Naples Mechanics,"3784 Domestic Ave Ste F, Naples, FL 34104",https://naplesmechanics.com/,(239) 398-0928,naplesmechanics@gmail.com
Naples Park Auto Service,"10121 Tamiami Trl N, Naples, FL 34108",https://naplesparkautoservice.com/,(239) 597-5800,naplesparkautomotive@gmail.com
New york tires & kustom transmission,"236 Pondella Rd, North Fort Myers, FL 33903",https://newyorktiresandkustomtransmission.com/,(239) 995-7878,newyorktirescruz@gmail.com
N & M Auto Repair,"1944 Dana Dr, Fort Myers, FL 33907",https://nmautorepair.com/,(239) 223-5373,nmrepair2017@gmail.com
Pine Ridge Imports of Collier County,"5340 Jaeger Rd, Naples, FL 34109",https://pineridgeimports.com/,(239) 566-1850,
Premier Auto Service Center of SW Florida,"3916 Chiquita Blvd S, Cape Coral, FL 33914",https://premierautoofswfl.com/,(239) 471-4674,service@premierautoofswfl.com
Proline Auto Care,"3863 Enterprise Ave Ste 9, Naples, FL 34104",https://prolineautocare.com/,(239) 263-5255,Juniorrojas67@yahoo.com
Pro Tech Auto Service,"3837 Edwards St, Fort Myers, FL 33916",https://protechautosvc.com/contact/,(239) 374-8653,protechauto0121@gmail.com
Summit Automotive Inc.,"3784 Domestic Ave, Naples, FL 34104",https://summitautomotivefl.com/,(239) 643-4699,
Superior Autohaus,"27880 Industrial St, Bonita Springs, FL 34135",https://superiorautohaus.com/,(239) 992-0437,superiorautohausflorida@gmail.com
Supreme Auto Service,"938 4th Ave N, Naples, FL 34102",https://supremeautoservicenaples.com/,(239) 234-6900,
SW Motorsports & Complete Auto Center,"925 Country Club Blvd Suite 1, Cape Coral, FL 33990",https://swmotorsports.com/,(239) 673-7088,joe@swmotorsports.com
T & D Automotive Services,"1986 J and C Blvd, Naples, FL 34109",https://tdautomotiveservices.com/,(833) 774-0590,service@tdauto.net
Till's Import Car Clinic,"1830 Boyscout Dr, Fort Myers, FL 33907",https://tillsimportcarclinic.com/,(239) 277-0797,tillsimport@embarqmail.com
Tom Joyce Automotive,"18260 Paulson Dr, Port Charlotte, FL 33954",https://tomjoyceautomotive.com/,(941) 255-5624,tomjoyceautomotive@gmail.com
Ultimate Auto Works LLC,"210 S Indiana Ave, Englewood, FL 34223",https://ultimateautoworksfl.com/,(941) 474-4900,info@ultimateautoworksfl.com
Voigt's Service Center,"2934 Tamiami Trail East, Naples, FL 34112",https://voigtsauto.com/,(239) 774-0994,service@voigtsauto.com
1 STOP AUTO REPAIR,"2023 Del Prado Blvd S, Cape Coral, FL 33990",https://www.1stopautorepair.com/,(239) 573-8863,1stopautorepaircc@gmail.com
239 Mechanics,"745 NE 19th Pl, Suite E, Cape Coral, FL 33909",https://www.239mechanics.com/,(239) 766-7991,Service@239mechanics.com
A & E Auto Repair,"752 Tamiami Trl, Port Charlotte, FL 33953",https://www.aandeautorepair.com/,(941) 627-3111,
A Expert Tire & Service,"8794 Alico Rd, Fort Myers, FL 33912",https://www.aexperttireftmyers.com/,(239) 590-0300,aexperttire@gmail.com
Alico Center Auto & Tire Services,"17080 Alico Center Road, Fort Myers, FL 33967",https://www.alicocenterauto.com/,(239) 362-3154,alicocenterauto@gmail.com
Auto Air & Electric of Lee County Inc,"3132 Fowler St, Fort Myers, FL 33901",https://www.autoairlee.com/,(239) 936-1992,
Venice Auto Body Inc.,"120 Grove St, Venice, FL 34285",https://www.autobodyrepairsvenice.com/,(941) 229-6890,veniceautobodyshop@gmail.com
Auto Dynamics,"8919 North Fork Drive, North Fort Myers, FL 33903",https://www.autodynamicsswfl.com/,(239) 995-1148,
Automotive Revolution,"939 Chalmer Dr #10, Marco Island, FL 34145",https://www.automotiverevolutionfl.com/,(239) 734-0527,
Gulf Coast Auto Repair,"26 Cardinal Dr, North Fort Myers, FL 33917",https://www.autorepairgulfcoast.com/,(239) 208-1771,
Autoworks and Mufflerworks - Autoworks,"3034 Davis Blvd, Naples, FL 34104",https://www.autoworksandmufflerworks.com/,(239) 775-9101,autoworksusainc@comcast.net
Autoworks and Mufflerworks - Mufflerworks,"3032 Davis Blvd, Naples, FL 34104",https://www.autoworksandmufflerworks.com/,(239) 775-9101,autoworksusainc@comcast.net
Barefoot Brandon's Auto Repair,"18660 Immokalee Road, Naples, FL 34120",https://www.barefootbrandonsautorepairllc.com/,(239) 255-4232,barefootbrandonsautollc@gmail.com
Bonita Auto Center,"26950 Old 41 Rd, Bonita Springs, FL 34135",https://www.bonitaautorepaircenter.com/,(239) 947-5810,joe@bonitaauto.net
Buck's Master Car Care,"12145 S Tamiami Trail, North Port, FL 34287",https://www.bucksmastercarcare.com/,(941) 763-8192,bbuck@bucksmastercarcare.com
Cape Auto Air,"1036 NE Pine Island Rd., #4, Cape Coral, FL 33909",https://www.capeautoair.com/,(239) 573-7003,capeautoair@gmail.com
Car Doc On The Island,"410 Bahama St, Venice, FL 34285",https://www.cardocontheisland.com/,(941) 786-1595,admin@cardocontheisland.com
Custom Tire & Auto,"339 Pine Island Rd, North Fort Myers, FL 33903",https://www.customtirenfm.com/,(239) 995-4400,customtire@aol.com
Dacey’s Place Auto,"1261 US 41 Bypass South, Venice, FL 34285",https://www.daceysplaceauto.com/,(941) 416-5355,daceysplaceauto@gmail.com
Dealers Choice Auto Repair,"5939 Shirley St, Naples, FL 34109",https://www.dealerschoiceautorepair.com/,(239) 260-1021,dcnaples1326@gmail.com
Emery Auto & Diesel Repair,"6436 San Casa Dr, Englewood, FL 34224",https://www.emeryauto.net/,(941) 548-4070,emeryauto@yahoo.com
Engel Mobile Automotive,"2661 Woodland Estates Road, Naples, FL 34117",https://www.engelmobileauto.com/,(239) 476-2617,engelmobileautomotive@gmail.com
EuroTech of Naples,"3894 Mannix Dr STE 212, Naples, FL 34114",https://www.eurotechofnaples.com/,(239) 348-8989,eurotechofnaples@gmail.com
Galvan Wheels & Tires,"2398 Tamiami Trl E, Naples, FL 34112",https://www.galvanwheels.com/,(239) 774-5004,galvanrims@yahoo.com
George's Complete Auto Repair,"4804 Coronado Pkwy, Cape Coral, FL 33904",https://www.georgescompleteauto.com/,(239) 217-3660,gcarinfo@gmail.com
Gibson's Auto Care,"22 S Venice Blvd, Venice, FL 34293",https://www.gibsonsautocare.com/,(941) 451-8801,gibsonsautocare@gmail.com
Happy Wallet Quality Auto Repair,"24033 Production Circle, Bonita Springs, FL 34135",https://www.happywalletautorepair.com/,(239) 330-2746,info@happywalletautorepair.com
Happy Wallet Quality Auto Repair (Mercantile Ave),"24033 Production Circle, Bonita Springs, FL 34135",https://www.happywalletautorepair.com/,(239) 330-2746,info@happywalletautorepair.com
High Gear Automotive Inc.,"2720 Avenue of the Americas, Englewood, FL 34224",https://www.highgearautomotive.com/,(941) 475-0198,service@highgearautomotive.com
"Import Automotive Service of Venice, Inc.","450 Hauser Lane, Venice, FL 34285",https://www.importautoserviceofvenice.com/,(941) 485-1700,importautomotiveservice@hotmail.com
Jim's Automotive & A/C,"18460 Matanzas Rd, Fort Myers, FL 33967",https://www.jimsautoandair.com/,(239) 267-4231,jimsautoandair@gmail.com
Jordan's Automotive,"6241 Metro Plantation Rd, Fort Myers, FL 33966",https://www.jordansautomotive.net/,(239) 277-5234,jordansautomotive30@yahoo.com
Joseph's Auto Service & Tires,"19440 Peachland Blvd, Port Charlotte, FL 33948",https://www.josephsautoservice.com/,(941) 875-9055,josephsautoservice@gmail.com
JR's Auto Repair,"6089 Lee Ann Ln Naples, FL 34109",https://www.jrsautorepairnaplesfl.com/,(239) 598-1309,jrs.auto.repair@hotmail.com
Karr Automotive,"3120 Winkler Ave Unit 6, Fort Myers, FL 33916",https://www.karrautomotive.com/,(239) 768-1900,service@karrautomotive.com
Leading Edge Auto Care,"1019 SE 12th Pl, Cape Coral, FL 33990",https://www.leadingedgeautocare.com/,(239) 242-2277,leadingedgeautocare239@gmail.com
Executive Auto Repair of Marco,"855 Bald Eagle Dr, Marco Island, FL 34145",https://www.marcoaaa.com/,(239) 394-4304,execuauto@gmail.com
Executive Auto Repair of Marco (Elkcam East),"724 Elkcam East, Marco Island, FL 34145",https://www.marcoaaa.com/,(239) 394-2886,execuauto@gmail.com
Martin's Garage & Tire Center,"5188 Palm Beach Blvd, Fort Myers, FL 33905",https://www.martinsgarageandtire.com/,(239) 693-5959,martinsgarageandtire@gmail.com
Pam's Motor City,"13395 Metro Pkwy, Fort Myers, FL 33966",https://www.motorcityoffortmyers.com/,(239) 278-0086,
Naples Motorsports (Service Department),"1250 Airport Pulling Rd S, Naples, FL 34104",https://www.naplesmotorsports.com/naples-auto-repair-service,(239) 430-5655,info@naplesmotorsports.com
New Life Tires & Auto Repair,"27683 Old 41 Rd, Bonita Springs, FL 34135",https://www.newlifetires.com/,(239) 376-0333,nlmiami@newlifetires.com
On-Time Service & Repair,"11200 Deal Rd, North Fort Myers, FL 33917",https://www.ontimemechanic.com/,(239) 703-0695,ontime_service@aol.com
Prestige Automotive Center,"904 SE 14th Ave, Cape Coral, FL 33990",https://www.prestigeautomotivecapecoral.com/,(239) 677-6184,prestige2010@comcast.net
Quality Automotive Center,"928 Country Club Blvd, Cape Coral, FL 33990",https://www.qualityautomotivecenter.com/,(239) 542-2188,nicksqualityauto@aol.com
Race Ready Tires & Auto Repair,"565 Prineville St Unit #6 & 7, Port Charlotte, FL 33954",https://www.racereadyautorepair.com/,(941) 766-1444,Racereadyautorepair@yahoo.com
Randy's Garage,"737 S Bridge St, LaBelle, FL 33935",https://www.randys.mechanicnet.com/,(863) 675-1032,randys@mechanicnet.com
Reliable Rides Automotive,"4427 Exchange Ave, Unit 7, Naples, FL 34104",https://www.reliableridesauto.com/,(239) 402-3902,Reliableridesautoservice@gmail.com
Ron's Auto Service,"1517 SE 25th Ln, Cape Coral, FL 33904",https://www.ronsautoservicefl.com/,(239) 829-0873,
Scotty's Automotive,"15610 McGregor Blvd, Fort Myers, FL 33908",https://www.scottyautomotive.com/,(239) 415-1996,
"Segura Automotive & Performance, Inc.","11500 Palm Beach Blvd, Fort Myers, FL 33905",https://www.seguraautomotiveandperformance.net/,(239) 693-1199,
South Trail Tire & Auto Repair,"5751 Youngquist Rd Ste B, Fort Myers, FL 33912",https://www.southtrailtire.com/,(239) 433-4241,
Stricker Automotive,"3963 Exchange Ave Unit B, Naples, FL 34104",https://www.strickerautonaples.com/,(239) 241-2185,info@strickerautonaples.com
Sunset Automotive,"6288 Lee Ann Lane, Naples, FL 34109",https://www.sunsetautonaples.com/,(239) 566-1443,lukasnaples@gmail.com
Superior Auto Care - Cape Coral,"2112 Del Prado Blvd S, Cape Coral, FL 33990",https://www.superiorautocare.com/superior-auto-care-cape-coral,(239) 574-2121,SuperiorAutoCareFl@Gmail.com
Swansons Auto Repair,"5159 Trott Circle, North Port, FL 34287",https://www.swansonsautorepair.com/,(941) 423-4656,contact@swansonsautorepair.com
Terry Wynter Auto Service Center,"3811 Fowler Street, Fort Myers, FL 33901",https://www.terrywynterauto.com/,(239) 939-2500,info@terrywynterauto.com
The Garage Auto and Tire - Naples,"3400 Prospect Ave, Naples, FL 34104",https://www.thegarageautoandtire.com/,(239) 430-2517,manager@thegarageautoandtire.com
The Garage Auto and Tire - Pine Ridge,"1935 Pine Ridge Rd Unit B, Naples, FL 34109",https://www.thegarageautoandtire.com/,(239) 260-7117,manager3@thegarageautoandtire.com
The Garage Auto and Tire - Golden Gate,"12525 Collier Boulevard, Naples, FL 34116",https://www.thegarageautoandtire.com/,(239) 455-5124,manager2@thegarageautoandtire.com
McAlister's Auto Repair (Tuffy Tire & Auto Service),"3265 Palm Beach Blvd, Fort Myers, FL 33916",https://www.tuffypalmbeachblvd.com/,(239) 334-1986,mcalistersautoj@gmail.com
US41 Tire & Auto Repair,"3539 Cleveland Ave, Fort Myers, FL 33901",https://www.us41tires.com/,(239) 317-4490,sales@us41tires.com
Venemex Auto,"905 SE 9th Terrace, Unit H, Cape Coral, FL 33990",https://www.venemexauto.com/,(239) 800-4095,service@venemexauto.com
Walter's Auto Service Center,"15135 McGregor Blvd, Fort Myers, FL 33908",https://www.waltersautoservice.com/,(239) 437-0377,info@apexautomotive.com
Walt's Garage,"208 E Ann St, Punta Gorda, FL 33950",https://www.waltsgaragepg.com/,(941) 200-0611,service@waltsgaragepg.com
Wilson's Automotive,"953 Country Club Blvd, Cape Coral, FL 33990",https://www.wilsonsautomotiverepair.com/,(239) 772-7337,
Windermere Sustainable Car Care (Complete Car Repair),"4378 Domestic Ave, Naples, FL 34104",https://www.windermereway.com/,(239) 213-1470,windermereauto@gmail.com
Windermere Sustainable Car Care (Express Oil Change),"1440 Airport-Pulling Rd N, Naples, FL 34104",https://www.windermereway.com/,(239) 213-1440,windermereauto@gmail.com
Windermere Sustainable Car Care (European Auto Repair of Naples),"4377 Domestic Ave, Naples, FL 34104",https://www.windermereway.com/,(239) 692-9741,windermereauto@gmail.com
"Xpertech Auto Repair, Inc.","101 N McCall Rd, Englewood, FL 34223",https://www.xpertechautorepair.com/,(941) 474-3793,xpertechauto@verizon.net
Action Auto Care,"2348 Kirkwood Ave, Naples, FL 34112",https://www.yelp.com/biz/action-auto-care-naples,(239) 793-0205,
Action Automotive Inc,"578 10th St N, Naples, FL 34102",https://www.yelp.com/biz/action-automotive-inc-naples,(239) 262-8787,
BC Automotive,"12701 Metro Pkwy, Fort Myers, FL 33966",https://www.yelp.com/biz/bc-automotive-fort-myers,(239) 454-8400,
Best Wheels of Fort Myers,"551 Westgate Blvd Ste 106, Lehigh Acres, FL 33971",https://www.yelp.com/biz/best-wheels-of-fort-myers-lehigh-acres,(239) 303-3776,
Coastal Automotive Services LLC,"3175 Placida Rd, Englewood, FL 34224",https://www.yelp.com/biz/coastal-automotive-services-englewood,(941) 698-1977,
Complete Automotive Services,"4480 Domestic Ave, Naples, FL 34104",https://www.yelp.com/biz/complete-automotive-services-naples,(239) 643-5633,
Curry's Automotive,"17497 Rockefeller Cir, Fort Myers, FL 33967",https://www.yelp.com/biz/currys-automotive-fort-myers,(239) 267-0088,
Golden Gate Auto Repair,"1150 Power St Ste 8, Naples, FL 34104",https://www.yelp.com/biz/golden-gate-auto-repair-naples,(239) 455-9448,
"Jack's Auto Repair of Naples, Inc.","6200 Lee Ann Ln, Naples, FL 34109",https://www.yelp.com/biz/jack-s-auto-repair-naples,(239) 566-2220,