Ticker Symbol,Date (First trading day of the month),Opening Price,Closing Price,Trading Volume
AAPL,2020-06-01,79.4375,80.4625015258789,80791200
AAPL,2020-07-01,91.27999877929688,91.02749633789062,110737200
AAPL,2020-08-03,108.19999694824219,108.9375,308151200
AAPL,2020-09-01,132.75999450683594,134.17999267578125,151948100
AAPL,2020-10-01,117.63999938964844,116.79000091552734,116120400
AAPL,2020-11-02,109.11000061035156,108.7699966430664,122866900
AAPL,2020-12-01,121.01000213623047,122.72000122070312,127728200
AAPL,2021-01-04,133.52000427246094,129.41000366210938,143301900
AAPL,2021-02-01,133.75,134.13999938964844,106239800
AAPL,2021-03-01,123.75,127.79000091552734,116307900
AAPL,2021-04-01,123.66000366210938,123.0,75089100
AAPL,2021-05-03,132.0399932861328,132.5399932861328,75135100
AAPL,2021-06-01,125.08000183105469,124.27999877929688,67637100
AAPL,2021-07-01,136.60000610351562,137.27000427246094,52485800
AAPL,2021-08-02,146.36000061035156,145.52000427246094,62880000
AAPL,2021-09-01,152.8300018310547,152.50999450683594,80313700
AAPL,2021-10-01,141.89999389648438,142.64999389648438,94639600
AAPL,2021-11-01,148.99000549316406,148.9600067138672,74588300
AAPL,2021-12-01,167.47999572753906,164.77000427246094,152052500
AAPL,2022-01-03,177.8300018310547,182.00999450683594,104487900
AAPL,2022-02-01,174.00999450683594,174.61000061035156,86213900
AAPL,2022-03-01,164.6999969482422,163.1999969482422,83474400
AAPL,2022-04-01,174.02999877929688,174.30999755859375,78751300
AAPL,2022-05-02,156.7100067138672,157.9600067138672,123055300
AAPL,2022-06-01,149.89999389648438,148.7100067138672,74286600
AAPL,2022-07-01,136.0399932861328,138.92999267578125,71051600
AAPL,2022-08-01,161.00999450683594,161.50999450683594,67829400
AAPL,2022-09-01,156.63999938964844,157.9600067138672,74229900
AAPL,2022-10-03,138.2100067138672,142.4499969482422,114311700
AAPL,2022-11-01,155.0800018310547,150.64999389648438,80379300
AAPL,2022-12-01,148.2100067138672,148.30999755859375,71250400
AAPL,2023-01-03,130.27999877929688,125.06999969482422,112117500
AAPL,2023-02-01,143.97000122070312,145.42999267578125,77663600
AAPL,2023-03-01,146.8300018310547,145.30999755859375,55479000
AAPL,2023-04-03,164.27000427246094,166.1699981689453,56976200
AAPL,2023-05-01,169.27999877929688,169.58999633789062,52472900
AAPL,2023-06-01,177.6999969482422,180.08999633789062,68901800
AAPL,2023-07-03,193.77999877929688,192.4600067138672,31458200
AAPL,2023-08-01,196.24000549316406,195.61000061035156,35175100
AAPL,2023-09-01,189.49000549316406,189.4600067138672,45766500
AAPL,2023-10-02,171.22000122070312,173.75,52164500
AAPL,2023-11-01,171.0,173.97000122070312,56934900
AAPL,2023-12-01,190.3300018310547,191.24000549316406,45704800
AAPL,2024-01-02,187.14999389648438,185.63999938964844,82488700
AAPL,2024-02-01,183.99000549316406,186.86000061035156,64885400
AAPL,2024-03-01,179.5500030517578,179.66000366210938,73563100
AAPL,2024-04-01,171.19000244140625,170.02999877929688,46240500
AAPL,2024-05-01,169.5800018310547,169.3000030517578,50383100
AAPL,2024-06-03,192.89999389648438,194.02999877929688,50080500
AAPL,2024-07-01,212.08999633789062,216.75,60402900
AAPL,2024-08-01,224.3699951171875,218.36000061035156,62501000
AAPL,2024-09-03,228.5500030517578,222.77000427246094,50190600
AAPL,2024-10-01,229.52000427246094,226.2100067138672,63285000
AAPL,2024-11-01,220.97000122070312,222.91000366210938,65276700
AAPL,2024-12-02,237.27000427246094,239.58999633789062,48137100
AAPL,2025-01-02,248.92999267578125,243.85000610351562,55740700
AAPL,2025-02-03,229.99000549316406,228.00999450683594,73063300
AAPL,2025-03-03,241.7899932861328,238.02999877929688,47184000
AAPL,2025-04-01,219.80999755859375,223.19000244140625,36412700
AAPL,2025-05-01,209.0800018310547,213.32000732421875,57365700
AAPL,2025-06-02,200.27999877929688,201.6999969482422,35423300
ADBE,2020-06-01,387.0799865722656,389.67999267578125,2034100
ADBE,2020-07-01,434.79998779296875,439.80999755859375,2581700
ADBE,2020-08-03,449.8399963378906,447.9700012207031,2075200
ADBE,2020-09-01,515.0,527.9500122070312,2404000
ADBE,2020-10-01,497.42999267578125,499.510009765625,2264600
ADBE,2020-11-02,451.0,444.94000244140625,2479000
ADBE,2020-12-01,482.010009765625,479.1499938964844,2531100
ADBE,2021-01-04,500.29998779296875,485.3399963378906,3612900
ADBE,2021-02-01,462.2799987792969,470.0,2554800
ADBE,2021-03-01,465.67999267578125,469.57000732421875,2358600
ADBE,2021-04-01,483.1199951171875,483.3399963378906,2664700
ADBE,2021-05-03,510.9700012207031,503.4599914550781,1458600
ADBE,2021-06-01,504.5400085449219,495.9100036621094,2189000
ADBE,2021-07-01,583.3300170898438,584.72998046875,1646100
ADBE,2021-08-02,625.8699951171875,618.75,1466800
ADBE,2021-09-01,664.510009765625,665.8900146484375,1261200
ADBE,2021-10-01,577.52001953125,577.469970703125,2915300
ADBE,2021-11-01,651.0499877929688,640.2000122070312,2215800
ADBE,2021-12-01,676.0,657.4099731445312,2831800
ADBE,2022-01-03,566.6500244140625,564.3699951171875,2862700
ADBE,2022-02-01,536.0,535.97998046875,2307400
ADBE,2022-03-01,468.0,466.67999267578125,3352800
ADBE,2022-04-01,455.0,458.19000244140625,2718400
ADBE,2022-05-02,397.1300048828125,407.2900085449219,3010000
ADBE,2022-06-01,428.0,418.1600036621094,3409900
ADBE,2022-07-01,364.17999267578125,368.4800109863281,2471600
ADBE,2022-08-01,406.510009765625,411.0899963378906,1910000
ADBE,2022-09-01,371.0,370.5299987792969,2574400
ADBE,2022-10-03,278.2699890136719,285.239990234375,3738100
ADBE,2022-11-01,321.010009765625,316.0199890136719,2467700
ADBE,2022-12-01,348.0299987792969,344.1099853515625,3365200
ADBE,2023-01-03,340.1600036621094,336.9200134277344,2229100
ADBE,2023-02-01,370.010009765625,383.9200134277344,3362000
ADBE,2023-03-01,323.79998779296875,323.3800048828125,2377700
ADBE,2023-04-03,380.8800048828125,380.0799865722656,2712600
ADBE,2023-05-01,376.510009765625,374.1499938964844,1868000
ADBE,2023-06-01,412.2900085449219,426.75,4443100
ADBE,2023-07-03,486.3900146484375,485.2099914550781,1491000
ADBE,2023-08-01,545.780029296875,549.0999755859375,2274000
ADBE,2023-09-01,564.7999877929688,563.2100219726562,2234100
ADBE,2023-10-02,508.239990234375,521.1300048828125,2411500
ADBE,2023-11-01,535.0,544.5,2644500
ADBE,2023-12-01,609.239990234375,612.469970703125,2490500
ADBE,2024-01-02,589.510009765625,580.0700073242188,2840200
ADBE,2024-02-01,619.0,627.9099731445312,1687600
ADBE,2024-03-01,561.1099853515625,570.9299926757812,2968100
ADBE,2024-04-01,504.989990234375,502.0899963378906,2056000
ADBE,2024-05-01,461.1199951171875,469.3900146484375,2490200
ADBE,2024-06-03,447.5799865722656,439.0199890136719,3967700
ADBE,2024-07-01,551.3699951171875,560.010009765625,3070200
ADBE,2024-08-01,549.989990234375,546.4099731445312,2075400
ADBE,2024-09-03,576.2999877929688,571.0399780273438,2757900
ADBE,2024-10-01,517.4500122070312,502.79998779296875,3730000
ADBE,2024-11-01,475.4100036621094,482.79998779296875,2851600
ADBE,2024-12-02,512.8499755859375,516.2000122070312,2006900
ADBE,2025-01-02,447.760009765625,441.0,2504700
ADBE,2025-02-03,437.79998779296875,438.6000061035156,3348700
ADBE,2025-03-03,440.6499938964844,440.7200012207031,2607700
ADBE,2025-04-01,381.1300048828125,383.20001220703125,3847800
ADBE,2025-05-01,378.29998779296875,374.6300048828125,2848800
ADBE,2025-06-02,408.8800048828125,403.3999938964844,4153700
AMZN,2020-06-01,122.4000015258789,123.552001953125,58578000
AMZN,2020-07-01,137.89950561523438,143.93499755859375,127268000
AMZN,2020-08-03,159.02549743652344,155.59449768066406,101494000
AMZN,2020-09-01,174.47900390625,174.95599365234375,68644000
AMZN,2020-10-01,160.39999389648438,161.06300354003906,99438000
AMZN,2020-11-02,153.08700561523438,150.2239990234375,145148000
AMZN,2020-12-01,159.4250030517578,161.00399780273438,90740000
AMZN,2021-01-04,163.5,159.3314971923828,88228000
AMZN,2021-02-01,162.1179962158203,167.1439971923828,83204000
AMZN,2021-03-01,156.39450073242188,157.3070068359375,54582000
AMZN,2021-04-01,155.89700317382812,158.0500030517578,58806000
AMZN,2021-05-03,174.2364959716797,169.32449340820312,117510000
AMZN,2021-06-01,162.1750030517578,160.9324951171875,48600000
AMZN,2021-07-01,171.73049926757812,171.64849853515625,40742000
AMZN,2021-08-02,167.65499877929688,166.57400512695312,67078000
AMZN,2021-09-01,174.82000732421875,173.9499969482422,72598000
AMZN,2021-10-01,164.45050048828125,164.16299438476562,56712000
AMZN,2021-11-01,168.08999633789062,165.90550231933594,72178000
AMZN,2021-12-01,177.25,172.18600463867188,74916000
AMZN,2022-01-03,167.5500030517578,170.4044952392578,63520000
AMZN,2022-02-01,150.0,151.19349670410156,59220000
AMZN,2022-03-01,152.7324981689453,151.14199829101562,44874000
AMZN,2022-04-01,164.14950561523438,163.55999755859375,57090000
AMZN,2022-05-02,122.4010009765625,124.5,148788000
AMZN,2022-06-01,122.25599670410156,121.68399810791016,127528000
AMZN,2022-07-01,106.29000091552734,109.55999755859375,73021200
AMZN,2022-08-01,134.9600067138672,135.38999938964844,76846900
AMZN,2022-09-01,126.0,127.81999969482422,56636100
AMZN,2022-10-03,113.58000183105469,115.87999725341797,50941900
AMZN,2022-11-01,103.98999786376953,96.79000091552734,153370000
AMZN,2022-12-01,96.98999786376953,95.5,68488000
AMZN,2023-01-03,85.45999908447266,85.81999969482422,76706000
AMZN,2023-02-01,102.52999877929688,105.1500015258789,80450100
AMZN,2023-03-01,93.87000274658203,92.16999816894531,52299500
AMZN,2023-04-03,102.30000305175781,102.41000366210938,41135700
AMZN,2023-05-01,104.94999694824219,102.05000305175781,74728100
AMZN,2023-06-01,120.69000244140625,122.7699966430664,54375100
AMZN,2023-07-03,130.82000732421875,130.22000122070312,28264800
AMZN,2023-08-01,133.5500030517578,131.69000244140625,42098500
AMZN,2023-09-01,139.4600067138672,138.1199951171875,40991500
AMZN,2023-10-02,127.27999877929688,129.4600067138672,48029700
AMZN,2023-11-01,133.9600067138672,137.0,61529400
AMZN,2023-12-01,146.0,147.02999877929688,39951800
AMZN,2024-01-02,151.5399932861328,149.92999267578125,47339400
AMZN,2024-02-01,155.8699951171875,159.27999877929688,76542400
AMZN,2024-03-01,176.75,178.22000122070312,31981200
AMZN,2024-04-01,180.7899932861328,180.97000122070312,29174500
AMZN,2024-05-01,181.63999938964844,179.0,94645100
AMZN,2024-06-03,177.6999969482422,178.33999633789062,30786600
AMZN,2024-07-01,193.49000549316406,197.1999969482422,41192000
AMZN,2024-08-01,189.2899932861328,184.07000732421875,70435600
AMZN,2024-09-03,177.5500030517578,176.25,37817500
AMZN,2024-10-01,184.89999389648438,185.1300048828125,36044900
AMZN,2024-11-01,199.0,197.92999267578125,99687800
AMZN,2024-12-02,209.9600067138672,210.7100067138672,39523200
AMZN,2025-01-02,222.02999877929688,220.22000122070312,33956600
AMZN,2025-02-03,234.05999755859375,237.4199981689453,37285900
AMZN,2025-03-03,213.35000610351562,205.02000427246094,42948400
AMZN,2025-04-01,187.86000061035156,192.1699981689453,41267300
AMZN,2025-05-01,190.6300048828125,190.1999969482422,74266000
AMZN,2025-06-02,204.97999572753906,206.64999389648438,29113300
BAC,2020-06-01,24.280000686645508,24.610000610351562,58375500
BAC,2020-07-01,24.030000686645508,23.260000228881836,57379900
BAC,2020-08-03,25.030000686645508,24.989999771118164,58284000
BAC,2020-09-01,25.579999923706055,25.709999084472656,46109200
BAC,2020-10-01,24.270000457763672,24.100000381469727,44782200
BAC,2020-11-02,23.889999389648438,24.079999923706055,59756400
BAC,2020-12-01,28.739999771118164,28.690000534057617,50255100
BAC,2021-01-04,30.459999084472656,30.030000686645508,51483900
BAC,2021-02-01,29.8700008392334,29.959999084472656,40985300
BAC,2021-03-01,35.52000045776367,35.790000915527344,45901700
BAC,2021-04-01,38.83000183105469,39.4900016784668,65587000
BAC,2021-05-03,40.869998931884766,40.560001373291016,41940500
BAC,2021-06-01,42.95000076293945,42.91999816894531,42890700
BAC,2021-07-01,41.560001373291016,41.540000915527344,28045100
BAC,2021-08-02,38.400001525878906,37.959999084472656,49894000
BAC,2021-09-01,41.75,41.189998626708984,52361900
BAC,2021-10-01,42.47999954223633,43.08000183105469,40987100
BAC,2021-11-01,48.099998474121094,47.849998474121094,36937200
BAC,2021-12-01,45.220001220703125,43.84000015258789,60601600
BAC,2022-01-03,45.09000015258789,46.18000030517578,58587900
BAC,2022-02-01,46.209999084472656,46.939998626708984,40326600
BAC,2022-03-01,43.709999084472656,42.470001220703125,74895600
BAC,2022-04-01,41.689998626708984,40.900001525878906,61929200
BAC,2022-05-02,36.029998779296875,36.13999938964844,46652200
BAC,2022-06-01,37.459999084472656,36.66999816894531,35237900
BAC,2022-07-01,30.979999542236328,31.559999465942383,40236100
BAC,2022-08-01,33.619998931884766,33.709999084472656,32336700
BAC,2022-09-01,33.34000015258789,33.470001220703125,32848900
BAC,2022-10-03,30.59000015258789,31.09000015258789,34591700
BAC,2022-11-01,36.439998626708984,36.20000076293945,29913200
BAC,2022-12-01,37.5,36.54999923706055,46213200
BAC,2023-01-03,33.22999954223633,33.5099983215332,35221500
BAC,2023-02-01,35.20000076293945,35.91999816894531,44438700
BAC,2023-03-01,34.150001525878906,34.13999938964844,29281600
BAC,2023-04-03,28.639999389648438,28.59000015258789,51996800
BAC,2023-05-01,29.5,29.040000915527344,34076800
BAC,2023-06-01,27.760000228881836,27.780000686645508,57426100
BAC,2023-07-03,28.700000762939453,29.200000762939453,30995800
BAC,2023-08-01,31.84000015258789,31.6200008392334,32712000
BAC,2023-09-01,28.760000228881836,28.979999542236328,35228600
BAC,2023-10-02,27.270000457763672,26.700000762939453,50388600
BAC,2023-11-01,26.440000534057617,26.399999618530273,44046300
BAC,2023-12-01,30.399999618530273,30.959999084472656,46133300
BAC,2024-01-02,33.38999938964844,33.900001525878906,36668600
BAC,2024-02-01,33.93000030517578,33.54999923706055,57084800
BAC,2024-03-01,34.529998779296875,34.349998474121094,38432300
BAC,2024-04-01,37.939998626708984,37.52000045776367,33908000
BAC,2024-05-01,37.209999084472656,36.95000076293945,32272000
BAC,2024-06-03,40.040000915527344,39.880001068115234,31898600
BAC,2024-07-01,39.90999984741211,40.0099983215332,26770500
BAC,2024-08-01,40.439998626708984,39.5,60107800
BAC,2024-09-03,40.58000183105469,40.70000076293945,48489300
BAC,2024-10-01,39.5099983215332,39.220001220703125,26291200
BAC,2024-11-01,42.150001525878906,41.7599983215332,31220000
BAC,2024-12-02,47.7400016784668,47.040000915527344,35891500
BAC,2025-01-02,44.13999938964844,44.290000915527344,25610600
BAC,2025-02-03,45.41999816894531,46.209999084472656,36497700
BAC,2025-03-03,46.209999084472656,45.560001373291016,46946000
BAC,2025-04-01,41.31999969482422,41.4900016784668,25578500
BAC,2025-05-01,39.81999969482422,40.16999816894531,33569100
BAC,2025-06-02,43.880001068115234,44.08000183105469,28582600
CRM,2020-06-01,173.10000610351562,176.36000061035156,5711600
CRM,2020-07-01,188.10000610351562,191.88999938964844,4754600
CRM,2020-08-03,197.8000030517578,203.19000244140625,6557500
CRM,2020-09-01,271.0,281.25,13293600
CRM,2020-10-01,253.17999267578125,253.4499969482422,4318000
CRM,2020-11-02,235.1199951171875,232.4499969482422,3953400
CRM,2020-12-01,245.0,241.35000610351562,18872000
CRM,2021-01-04,222.63999938964844,220.30999755859375,10319900
CRM,2021-02-01,227.2100067138672,228.4600067138672,5696700
CRM,2021-03-01,219.89999389648438,217.5399932861328,14027700
CRM,2021-04-01,213.60000610351562,218.72000122070312,7763500
CRM,2021-05-03,230.77000427246094,223.75999450683594,5835700
CRM,2021-06-01,238.0,236.1999969482422,8103900
CRM,2021-07-01,244.5,244.97999572753906,3899600
CRM,2021-08-02,242.30999755859375,240.86000061035156,3525700
CRM,2021-09-01,266.2699890136719,268.32000732421875,7189000
CRM,2021-10-01,271.5,275.260009765625,4756000
CRM,2021-11-01,301.5,302.760009765625,3825100
CRM,2021-12-01,271.260009765625,251.5,30723100
CRM,2022-01-03,255.00999450683594,255.4600067138672,4316800
CRM,2022-02-01,232.3699951171875,232.1199951171875,6387100
CRM,2022-03-01,213.39999389648438,208.88999938964844,12587300
CRM,2022-04-01,212.47999572753906,212.25,6007900
CRM,2022-05-02,175.08999633789062,177.57000732421875,6278400
CRM,2022-06-01,178.00999450683594,176.07000732421875,37037400
CRM,2022-07-01,164.75999450683594,168.1999969482422,4561600
CRM,2022-08-01,181.3000030517578,182.97999572753906,3997100
CRM,2022-09-01,154.8699951171875,153.52999877929688,9924000
CRM,2022-10-03,144.97999572753906,147.89999389648438,6819900
CRM,2022-11-01,165.0,159.82000732421875,4545900
CRM,2022-12-01,147.5500030517578,147.0,33721500
CRM,2023-01-03,135.19000244140625,134.77999877929688,8196400
CRM,2023-02-01,167.72999572753906,171.82000732421875,8853900
CRM,2023-03-01,162.99000549316406,167.35000610351562,15841200
CRM,2023-04-03,198.22000122070312,196.49000549316406,5340800
CRM,2023-05-01,197.75999450683594,197.7899932861328,2882900
CRM,2023-06-01,208.22000122070312,212.89999389648438,20907400
CRM,2023-07-03,210.57000732421875,211.64999389648438,2400000
CRM,2023-08-01,223.88999938964844,224.27000427246094,4212600
CRM,2023-09-01,223.5,221.52999877929688,5600900
CRM,2023-10-02,200.8000030517578,203.7100067138672,3745700
CRM,2023-11-01,200.9199981689453,203.91000366210938,3593600
CRM,2023-12-01,250.0,260.0,14538200
CRM,2024-01-02,260.5400085449219,256.1300048828125,4741400
CRM,2024-02-01,282.010009765625,283.79998779296875,3218300
CRM,2024-03-01,307.0,316.8800048828125,9450200
CRM,2024-04-01,301.69000244140625,302.260009765625,2918100
CRM,2024-05-01,269.0199890136719,268.69000244140625,3761000
CRM,2024-06-03,234.6199951171875,236.6199951171875,19962700
CRM,2024-07-01,258.1499938964844,256.2099914550781,5871700
CRM,2024-08-01,259.8999938964844,253.05999755859375,5527400
CRM,2024-09-03,252.6199951171875,248.05999755859375,6190400
CRM,2024-10-01,274.1400146484375,270.8699951171875,4369900
CRM,2024-11-01,290.2300109863281,294.7200012207031,3527500
CRM,2024-12-02,332.0,331.010009765625,6063400
CRM,2025-01-02,336.30999755859375,330.6600036621094,4807100
CRM,2025-02-03,335.9700012207031,339.239990234375,4549400
CRM,2025-03-03,301.0,293.05999755859375,6298200
CRM,2025-04-01,268.8599853515625,270.20001220703125,4598200
CRM,2025-05-01,273.3999938964844,269.3299865722656,5208900
CRM,2025-06-02,263.1099853515625,261.6199951171875,9213500
DIS,2020-06-01,117.26000213623047,118.7699966430664,10538300
DIS,2020-07-01,112.81999969482422,113.01000213623047,11930900
DIS,2020-08-03,116.16999816894531,116.3499984741211,10229200
DIS,2020-09-01,131.9199981689453,133.5500030517578,7351200
DIS,2020-10-01,124.94000244140625,123.30999755859375,8908300
DIS,2020-11-02,122.23999786376953,120.12999725341797,9186000
DIS,2020-12-01,149.57000732421875,149.44000244140625,8825500
DIS,2021-01-04,182.25999450683594,177.67999267578125,13426600
DIS,2021-02-01,170.83999633789062,170.97000122070312,8140400
DIS,2021-03-01,193.22999572753906,194.97999572753906,10709900
DIS,2021-04-01,186.42999267578125,188.97000122070312,7749400
DIS,2021-05-03,187.69000244140625,185.50999450683594,7542800
DIS,2021-06-01,180.17999267578125,178.83999633789062,7475600
DIS,2021-07-01,175.35000610351562,177.25999450683594,5887100
DIS,2021-08-02,177.22000122070312,175.5500030517578,5847200
DIS,2021-09-01,181.9600067138672,183.47999572753906,7302800
DIS,2021-10-01,172.27999877929688,176.00999450683594,12165000
DIS,2021-11-01,169.2100067138672,170.19000244140625,8182900
DIS,2021-12-01,146.6999969482422,142.14999389648438,16469000
DIS,2022-01-03,155.8300018310547,156.75999450683594,10222800
DIS,2022-02-01,143.02000427246094,144.49000549316406,8573300
DIS,2022-03-01,147.86000061035156,145.6999969482422,8944000
DIS,2022-04-01,137.33999633789062,137.0,10341000
DIS,2022-05-02,111.70999908447266,113.5,14300700
DIS,2022-06-01,112.01000213623047,109.19000244140625,11829700
DIS,2022-07-01,94.23999786376953,96.13999938964844,10543400
DIS,2022-08-01,104.87000274658203,106.22000122070312,7769700
DIS,2022-09-01,111.79000091552734,112.52999877929688,7718700
DIS,2022-10-03,95.7300033569336,97.12999725341797,9468400
DIS,2022-11-01,107.69999694824219,106.0,7955800
DIS,2022-12-01,97.87000274658203,98.58999633789062,13855700
DIS,2023-01-03,88.9800033569336,88.97000122070312,14997100
DIS,2023-02-01,108.5,109.38999938964844,9975500
DIS,2023-03-01,99.19000244140625,98.54000091552734,7898300
DIS,2023-04-03,100.20999908447266,99.76000213623047,7313200
DIS,2023-05-01,102.41000366210938,102.20999908447266,6909500
DIS,2023-06-01,88.4000015258789,88.58999633789062,11993200
DIS,2023-07-03,89.12000274658203,90.5,7979500
DIS,2023-08-01,89.12000274658203,89.02999877929688,13717500
DIS,2023-09-01,82.11000061035156,81.63999938964844,27701900
DIS,2023-10-02,80.91999816894531,81.66999816894531,9128100
DIS,2023-11-01,81.52999877929688,81.06999969482422,9093000
DIS,2023-12-01,92.73999786376953,92.58000183105469,11898200
DIS,2024-01-02,90.0999984741211,90.70999908447266,10587600
DIS,2024-02-01,96.37000274658203,97.05999755859375,8484800
DIS,2024-03-01,111.44000244140625,111.94999694824219,7242400
DIS,2024-04-01,122.05999755859375,121.52999877929688,8419700
DIS,2024-05-01,111.29000091552734,110.4800033569336,6338400
DIS,2024-06-03,104.16999816894531,102.7699966430664,6908600
DIS,2024-07-01,99.4000015258789,98.04000091552734,15299000
DIS,2024-08-01,93.86000061035156,93.05000305175781,9263600
DIS,2024-09-03,89.61000061035156,89.12999725341797,8465500
DIS,2024-10-01,95.19000244140625,94.05000305175781,10099200
DIS,2024-11-01,95.69999694824219,95.80999755859375,7944900
DIS,2024-12-02,117.77999877929688,117.16000366210938,8390500
DIS,2025-01-02,111.69999694824219,110.81999969482422,5688100
DIS,2025-02-03,111.3499984741211,114.0,8870700
DIS,2025-03-03,114.06999969482422,112.79000091552734,7884700
DIS,2025-04-01,98.31999969482422,97.68000030517578,8762700
DIS,2025-05-01,91.2699966430664,90.80999755859375,7790600
DIS,2025-06-02,112.68000030517578,112.94999694824219,7546800
GOOGL,2020-06-01,71.28500366210938,71.74349975585938,25162000
GOOGL,2020-07-01,70.95850372314453,72.0999984741211,42182000
GOOGL,2020-08-03,74.55000305175781,74.13800048828125,45482000
GOOGL,2020-09-01,81.60800170898438,82.75399780273438,22652000
GOOGL,2020-10-01,74.18299865722656,74.3949966430664,32884000
GOOGL,2020-11-02,81.177001953125,81.21600341796875,44228000
GOOGL,2020-12-01,88.33300018310547,89.76799774169922,37350000
GOOGL,2021-01-04,88.0,86.30650329589844,37324000
GOOGL,2021-02-01,92.22949981689453,94.65350341796875,40252000
GOOGL,2021-03-01,102.4000015258789,103.48300170898438,26060000
GOOGL,2021-04-01,104.61250305175781,106.48899841308594,39880000
GOOGL,2021-05-03,118.24549865722656,117.15399932861328,28242000
GOOGL,2021-06-01,118.72200012207031,119.05899810791016,23354000
GOOGL,2021-07-01,121.7249984741211,122.44450378417969,18110000
GOOGL,2021-08-02,135.11700439453125,134.85450744628906,21634000
GOOGL,2021-09-01,145.0,145.2154998779297,21936000
GOOGL,2021-10-01,134.44749450683594,136.54299926757812,35360000
GOOGL,2021-11-01,148.04600524902344,143.4969940185547,46924000
GOOGL,2021-12-01,144.0,141.05149841308594,34020000
GOOGL,2022-01-03,145.05499267578125,144.9915008544922,28646000
GOOGL,2022-02-01,137.59449768066406,137.6439971923828,68644000
GOOGL,2022-03-01,134.8784942626953,134.06149291992188,26496000
GOOGL,2022-04-01,139.5,140.15049743652344,25942000
GOOGL,2022-05-02,113.40499877929688,116.58300018310547,35534000
GOOGL,2022-06-01,114.8550033569336,113.89199829101562,36606000
GOOGL,2022-07-01,107.93299865722656,108.73750305175781,35476000
GOOGL,2022-08-01,115.30000305175781,114.86000061035156,26034300
GOOGL,2022-09-01,108.27999877929688,109.73999786376953,28360900
GOOGL,2022-10-03,96.76000213623047,98.63999938964844,27982000
GOOGL,2022-11-01,95.44999694824219,90.47000122070312,47161400
GOOGL,2022-12-01,101.0199966430664,100.98999786376953,28687100
GOOGL,2023-01-03,89.58999633789062,89.12000274658203,28131200
GOOGL,2023-02-01,98.70999908447266,100.43000030517578,35531100
GOOGL,2023-03-01,89.9800033569336,90.36000061035156,31111200
GOOGL,2023-04-03,102.38999938964844,104.36000061035156,25035400
GOOGL,2023-05-01,106.83999633789062,107.19999694824219,26681700
GOOGL,2023-06-01,122.81999969482422,123.72000122070312,30772700
GOOGL,2023-07-03,119.23999786376953,119.9000015258789,14467900
GOOGL,2023-08-01,130.77999877929688,131.5500030517578,23166800
GOOGL,2023-09-01,137.4600067138672,135.66000366210938,21543700
GOOGL,2023-10-02,131.2100067138672,134.1699981689453,22288000
GOOGL,2023-11-01,124.06999969482422,126.44999694824219,30082400
GOOGL,2023-12-01,131.86000061035156,131.86000061035156,31442300
GOOGL,2024-01-02,138.5500030517578,138.1699981689453,23711200
GOOGL,2024-02-01,142.1199951171875,141.16000366210938,40466500
GOOGL,2024-03-01,138.42999267578125,137.13999938964844,31151100
GOOGL,2024-04-01,150.69000244140625,155.49000549316406,31730800
GOOGL,2024-05-01,164.3000030517578,163.86000061035156,33493200
GOOGL,2024-06-03,172.5399932861328,173.1699981689453,27459100
GOOGL,2024-07-01,183.02999877929688,182.99000549316406,16006100
GOOGL,2024-08-01,170.25,170.75999450683594,24531400
GOOGL,2024-09-03,161.72000122070312,157.36000061035156,38945300
GOOGL,2024-10-01,167.69000244140625,166.99000549316406,28338100
GOOGL,2024-11-01,170.07000732421875,171.2899932861328,31796500
GOOGL,2024-12-02,168.77000427246094,171.49000549316406,23789100
GOOGL,2025-01-02,190.64999389648438,189.42999267578125,20370800
GOOGL,2025-02-03,200.69000244140625,201.22999572753906,27838300
GOOGL,2025-03-03,171.92999267578125,167.00999450683594,40770500
GOOGL,2025-04-01,153.6199951171875,157.07000732421875,30672900
GOOGL,2025-05-01,160.4499969482422,161.3000030517578,30203200
GOOGL,2025-06-02,167.83999633789062,169.02999877929688,38612300
HD,2020-06-01,249.41000366210938,247.2899932861328,3407800
HD,2020-07-01,249.64999389648438,248.14999389648438,3677300
HD,2020-08-03,266.7300109863281,266.17999267578125,2363500
HD,2020-09-01,284.0299987792969,285.94000244140625,3235100
HD,2020-10-01,279.44000244140625,277.6199951171875,2696900
HD,2020-11-02,270.1499938964844,270.739990234375,2956400
HD,2020-12-01,278.7300109863281,276.6000061035156,3942400
HD,2021-01-04,266.010009765625,263.9200134277344,5002000
HD,2021-02-01,271.2300109863281,270.07000732421875,3707800
HD,2021-03-01,258.80999755859375,261.6199951171875,4528900
HD,2021-04-01,306.8800048828125,307.75,3923900
HD,2021-05-03,326.2799987792969,330.2699890136719,3683700
HD,2021-06-01,320.6600036621094,316.30999755859375,3549800
HD,2021-07-01,319.9100036621094,321.5400085449219,2578000
HD,2021-08-02,330.0,327.2200012207031,2016400
HD,2021-09-01,325.55999755859375,323.6400146484375,3339100
HD,2021-10-01,328.1499938964844,329.8599853515625,2814200
HD,2021-11-01,373.0,366.4800109863281,3380500
HD,2021-12-01,402.0799865722656,400.4200134277344,3516200
HD,2022-01-03,416.57000732421875,408.6400146484375,3715700
HD,2022-02-01,369.4700012207031,368.70001220703125,3406800
HD,2022-03-01,314.5899963378906,320.25,5640900
HD,2022-04-01,300.5,301.8900146484375,5554600
HD,2022-05-02,301.989990234375,306.9700012207031,4233900
HD,2022-06-01,301.739990234375,297.19000244140625,3080800
HD,2022-07-01,275.7300109863281,279.0799865722656,2818300
HD,2022-08-01,300.6400146484375,305.82000732421875,3303900
HD,2022-09-01,288.3999938964844,293.3699951171875,3742500
HD,2022-10-03,281.0,283.70001220703125,3580000
HD,2022-11-01,300.3699951171875,296.05999755859375,3309100
HD,2022-12-01,326.30999755859375,327.07000732421875,3830100
HD,2023-01-03,317.4200134277344,315.9100036621094,2822400
HD,2023-02-01,322.3900146484375,328.0899963378906,3076500
HD,2023-03-01,291.9200134277344,290.7900085449219,5905100
HD,2023-04-03,294.8699951171875,297.7300109863281,4007600
HD,2023-05-01,298.9800109863281,297.70001220703125,2970000
HD,2023-06-01,284.04998779296875,288.3900146484375,4305100
HD,2023-07-03,309.7799987792969,310.0199890136719,1483300
HD,2023-08-01,331.760009765625,332.07000732421875,2547200
HD,2023-09-01,332.0,333.0799865722656,2317400
HD,2023-10-02,300.5199890136719,299.8299865722656,2806800
HD,2023-11-01,285.5899963378906,286.6300048828125,2747300
HD,2023-12-01,313.8299865722656,319.6199951171875,3613600
HD,2024-01-02,344.2099914550781,345.0799865722656,2833600
HD,2024-02-01,353.3999938964844,360.07000732421875,2439100
HD,2024-03-01,380.3599853515625,384.45001220703125,2750900
HD,2024-04-01,381.4700012207031,368.0299987792969,4333200
HD,2024-05-01,333.010009765625,331.9700012207031,3267500
HD,2024-06-03,333.6499938964844,328.010009765625,3712800
HD,2024-07-01,343.9200134277344,336.19000244140625,2643600
HD,2024-08-01,369.989990234375,358.5799865722656,3759000
HD,2024-09-03,367.8999938964844,364.739990234375,3598100
HD,2024-10-01,404.0199890136719,409.04998779296875,3476200
HD,2024-11-01,394.79998779296875,392.5899963378906,3277800
HD,2024-12-02,429.0,426.9599914550781,2617100
HD,2025-01-02,392.1300048828125,388.4599914550781,2415700
HD,2025-02-03,406.1199951171875,408.760009765625,2896200
HD,2025-03-03,396.95001220703125,389.69000244140625,3397600
HD,2025-04-01,364.1400146484375,365.5199890136719,2801600
HD,2025-05-01,360.30999755859375,358.29998779296875,3210100
HD,2025-06-02,365.1499938964844,367.9599914550781,2506900
JNJ,2020-06-01,147.2899932861328,147.19000244140625,6141800
JNJ,2020-07-01,140.69000244140625,140.3800048828125,6174800
JNJ,2020-08-03,146.38999938964844,147.35000610351562,4078700
JNJ,2020-09-01,153.8699951171875,151.52000427246094,6307700
JNJ,2020-10-01,149.30999755859375,147.32000732421875,6457800
JNJ,2020-11-02,138.97999572753906,138.69000244140625,7088000
JNJ,2020-12-01,146.2899932861328,147.4499969482422,9738200
JNJ,2021-01-04,157.24000549316406,156.5,11765900
JNJ,2021-02-01,165.30999755859375,162.7100067138672,9971400
JNJ,2021-03-01,161.4499969482422,159.32000732421875,10551400
JNJ,2021-04-01,162.60000610351562,162.8300018310547,7229700
JNJ,2021-05-03,163.60000610351562,165.2100067138672,6594100
JNJ,2021-06-01,170.14999389648438,165.52999877929688,10448400
JNJ,2021-07-01,164.74000549316406,165.9600067138672,6320200
JNJ,2021-08-02,172.47000122070312,172.27000427246094,3721500
JNJ,2021-09-01,172.89999389648438,173.74000549316406,5327400
JNJ,2021-10-01,161.52999877929688,160.47000122070312,8568300
JNJ,2021-11-01,163.16000366210938,163.02000427246094,5846400
JNJ,2021-12-01,156.8800048828125,158.0800018310547,9835800
JNJ,2022-01-03,170.2100067138672,171.5399932861328,6012200
JNJ,2022-02-01,171.74000549316406,170.8800048828125,8154700
JNJ,2022-03-01,163.0399932861328,164.0,8737800
JNJ,2022-04-01,177.0500030517578,178.19000244140625,6525600
JNJ,2022-05-02,180.47000122070312,178.63999938964844,7145400
JNJ,2022-06-01,179.14999389648438,177.7100067138672,5175400
JNJ,2022-07-01,177.4499969482422,179.52000427246094,5498400
JNJ,2022-08-01,174.1699981689453,173.91000366210938,5461400
JNJ,2022-09-01,161.49000549316406,165.33999633789062,7509600
JNJ,2022-10-03,164.2899932861328,163.1999969482422,8657000
JNJ,2022-11-01,174.05999755859375,173.08999633789062,6985000
JNJ,2022-12-01,179.0,178.74000549316406,6282600
JNJ,2023-01-03,176.16000366210938,178.19000244140625,6344900
JNJ,2023-02-01,162.99000549316406,164.9199981689453,9865300
JNJ,2023-03-01,153.00999450683594,152.57000732421875,6767000
JNJ,2023-04-03,154.9499969482422,156.85000610351562,6841900
JNJ,2023-05-01,163.60000610351562,163.60000610351562,4893400
JNJ,2023-06-01,154.5399932861328,154.5399932861328,7901300
JNJ,2023-07-03,164.33999633789062,163.35000610351562,4033700
JNJ,2023-08-01,166.3699951171875,168.88999938964844,15810300
JNJ,2023-09-01,161.4199981689453,160.47999572753906,8610100
JNJ,2023-10-02,155.4199981689453,155.14999389648438,7259700
JNJ,2023-11-01,149.19000244140625,148.69000244140625,5733000
JNJ,2023-12-01,156.44000244140625,158.3800048828125,10342900
JNJ,2024-01-02,156.92999267578125,159.97000122070312,9622100
JNJ,2024-02-01,158.16000366210938,158.36000061035156,8012000
JNJ,2024-03-01,161.8300018310547,162.1199951171875,5670100
JNJ,2024-04-01,157.72000122070312,157.77999877929688,4364700
JNJ,2024-05-01,148.74000549316406,151.17999267578125,14470900
JNJ,2024-06-03,147.25,147.74000549316406,7329200
JNJ,2024-07-01,146.07000732421875,146.44000244140625,5144400
JNJ,2024-08-01,158.47999572753906,160.75999450683594,7213400
JNJ,2024-09-03,165.24000549316406,167.16000366210938,6956500
JNJ,2024-10-01,162.42999267578125,161.99000549316406,4408000
JNJ,2024-11-01,160.5800018310547,160.1300048828125,5256400
JNJ,2024-12-02,154.75,154.8000030517578,6946500
JNJ,2025-01-02,145.22999572753906,144.02000427246094,6051300
JNJ,2025-02-03,152.0,151.8699951171875,6687500
JNJ,2025-03-03,164.9600067138672,167.27999877929688,9191500
JNJ,2025-04-01,160.72999572753906,153.25,23303100
JNJ,2025-05-01,155.0,154.4600067138672,7325800
JNJ,2025-06-02,154.47999572753906,155.39999389648438,6669300
JPM,2020-06-01,97.75,98.5999984741211,15176800
JPM,2020-07-01,94.88999938964844,93.26000213623047,18755700
JPM,2020-08-03,97.0199966430664,96.0999984741211,12962800
JPM,2020-09-01,99.55000305175781,100.13999938964844,11595600
JPM,2020-10-01,97.12000274658203,96.97000122070312,15778700
JPM,2020-11-02,99.38999938964844,100.25,15011600
JPM,2020-12-01,120.33999633789062,119.73999786376953,12668900
JPM,2021-01-04,127.5,125.87000274658203,16819900
JPM,2021-02-01,129.39999389648438,129.6199951171875,11080700
JPM,2021-03-01,149.52000427246094,150.5,14845500
JPM,2021-04-01,151.89999389648438,153.7100067138672,16561500
JPM,2021-05-03,154.85000610351562,153.36000061035156,11801100
JPM,2021-06-01,165.8699951171875,166.0500030517578,9445400
JPM,2021-07-01,156.25999450683594,157.0800018310547,10479400
JPM,2021-08-02,152.02999877929688,151.1699981689453,10203200
JPM,2021-09-01,160.22000122070312,159.72000122070312,8729900
JPM,2021-10-01,164.0,167.1300048828125,11285000
JPM,2021-11-01,172.0399932861328,169.8000030517578,7435500
JPM,2021-12-01,161.0,157.88999938964844,12253400
JPM,2022-01-03,159.86000061035156,161.6999969482422,13120900
JPM,2022-02-01,148.69000244140625,151.14999389648438,14584900
JPM,2022-03-01,140.0399932861328,136.4499969482422,36840400
JPM,2022-04-01,137.39999389648438,135.30999755859375,15721300
JPM,2022-05-02,119.87999725341797,120.44999694824219,18545000
JPM,2022-06-01,132.8699951171875,129.91000366210938,10768000
JPM,2022-07-01,112.6500015258789,114.05000305175781,10573600
JPM,2022-08-01,114.5,114.20999908447266,14740400
JPM,2022-09-01,113.29000091552734,114.51000213623047,9979800
JPM,2022-10-03,105.62000274658203,107.7300033569336,12248100
JPM,2022-11-01,126.87000274658203,128.14999389648438,13386900
JPM,2022-12-01,138.17999267578125,136.24000549316406,8858500
JPM,2023-01-03,135.24000549316406,135.1199951171875,11054800
JPM,2023-02-01,138.2100067138672,139.58999633789062,8841800
JPM,2023-03-01,142.10000610351562,142.5500030517578,7139200
JPM,2023-04-03,129.91000366210938,130.16000366210938,11775400
JPM,2023-05-01,142.25999450683594,141.1999969482422,20415800
JPM,2023-06-01,136.52000427246094,137.5800018310547,12248100
JPM,2023-07-03,146.19000244140625,146.61000061035156,8021600
JPM,2023-08-01,157.42999267578125,157.17999267578125,6853900
JPM,2023-09-01,146.08999633789062,146.82000732421875,7903500
JPM,2023-10-02,144.8300018310547,143.77000427246094,9170600
JPM,2023-11-01,139.25,138.94000244140625,9432000
JPM,2023-12-01,155.82000732421875,156.83999633789062,8916000
JPM,2024-01-02,169.08999633789062,172.0800018310547,9977400
JPM,2024-02-01,173.63999938964844,173.72999572753906,9354800
JPM,2024-03-01,185.6999969482422,185.2899932861328,6311800
JPM,2024-04-01,199.99000549316406,198.94000244140625,7309000
JPM,2024-05-01,192.27000427246094,191.86000061035156,7445300
JPM,2024-06-03,202.30999755859375,201.82000732421875,6444300
JPM,2024-07-01,202.83999633789062,205.4499969482422,10205800
JPM,2024-08-01,213.1999969482422,207.9600067138672,10918600
JPM,2024-09-03,222.3000030517578,220.3000030517578,8956100
JPM,2024-10-01,208.89999389648438,207.0399932861328,8540100
JPM,2024-11-01,223.55999755859375,222.94000244140625,6923500
JPM,2024-12-02,249.5500030517578,246.25,8899700
JPM,2025-01-02,240.9199981689453,240.0,9220900
JPM,2025-02-03,261.8299865722656,266.80999755859375,8381400
JPM,2025-03-03,264.0,260.6199951171875,9058300
JPM,2025-04-01,242.6199951171875,243.66000366210938,8054700
JPM,2025-05-01,242.83999633789062,246.88999938964844,8689600
JPM,2025-06-02,263.0199890136719,264.6600036621094,6011200
MA,2020-06-01,300.79998779296875,301.3999938964844,2841800
MA,2020-07-01,295.9599914550781,301.1700134277344,3801300
MA,2020-08-03,311.0,312.5899963378906,3907800
MA,2020-09-01,357.7099914550781,356.8999938964844,4409600
MA,2020-10-01,342.239990234375,343.3699951171875,2503600
MA,2020-11-02,294.239990234375,289.9700012207031,5094900
MA,2020-12-01,339.6700134277344,338.8800048828125,4210400
MA,2021-01-04,358.0,351.489990234375,4638400
MA,2021-02-01,320.9100036621094,321.55999755859375,4930700
MA,2021-03-01,360.67999267578125,362.8999938964844,4382900
MA,2021-04-01,357.0400085449219,363.29998779296875,3701800
MA,2021-05-03,385.4700012207031,379.3999938964844,3344100
MA,2021-06-01,364.4800109863281,359.7900085449219,3119700
MA,2021-07-01,366.04998779296875,370.7099914550781,3108500
MA,2021-08-02,389.29998779296875,375.260009765625,3430300
MA,2021-09-01,347.3800048828125,349.57000732421875,4499600
MA,2021-10-01,349.8299865722656,360.17999267578125,5227300
MA,2021-11-01,335.25,334.04998779296875,5126200
MA,2021-12-01,320.7799987792969,306.2799987792969,8008800
MA,2022-01-03,359.7900085449219,370.95001220703125,4708200
MA,2022-02-01,385.760009765625,392.05999755859375,5841100
MA,2022-03-01,357.8500061035156,344.4800109863281,5894200
MA,2022-04-01,359.2200012207031,363.9700012207031,3806800
MA,2022-05-02,363.0,359.0400085449219,3903800
MA,2022-06-01,358.20001220703125,357.05999755859375,2190000
MA,2022-07-01,314.1000061035156,318.239990234375,2287700
MA,2022-08-01,347.80999755859375,350.5400085449219,2289400
MA,2022-09-01,323.80999755859375,325.25,2493200
MA,2022-10-03,287.8500061035156,290.4800109863281,5285200
MA,2022-11-01,332.2200012207031,333.19000244140625,3660400
MA,2022-12-01,357.989990234375,360.79998779296875,3374700
MA,2023-01-03,349.9599914550781,346.79998779296875,2933600
MA,2023-02-01,368.57000732421875,374.0799865722656,2951900
MA,2023-03-01,354.0,353.5,1968100
MA,2023-04-03,362.6099853515625,366.4700012207031,2978000
MA,2023-05-01,380.489990234375,379.8599853515625,1745100
MA,2023-06-01,367.1600036621094,370.8800048828125,3389700
MA,2023-07-03,391.3399963378906,393.9599914550781,1304600
MA,2023-08-01,393.7799987792969,397.07000732421875,2344200
MA,2023-09-01,413.8399963378906,415.57000732421875,1841700
MA,2023-10-02,393.6000061035156,395.8500061035156,2856800
MA,2023-11-01,378.6700134277344,377.82000732421875,2354700
MA,2023-12-01,412.8900146484375,414.3599853515625,2171400
MA,2024-01-02,424.0899963378906,421.8900146484375,2463700
MA,2024-02-01,455.0,460.9200134277344,3292700
MA,2024-03-01,474.9100036621094,476.6300048828125,1748300
MA,2024-04-01,480.6600036621094,478.3999938964844,1648200
MA,2024-05-01,445.79998779296875,442.07000732421875,4979100
MA,2024-06-03,443.4800109863281,443.19000244140625,2123800
MA,2024-07-01,440.79998779296875,437.6099853515625,3149700
MA,2024-08-01,465.4599914550781,462.4100036621094,2590100
MA,2024-09-03,482.4700012207031,482.1199951171875,2063700
MA,2024-10-01,497.260009765625,496.3800048828125,3748100
MA,2024-11-01,500.44000244140625,508.0799865722656,3753700
MA,2024-12-02,532.9299926757812,531.3599853515625,2355100
MA,2025-01-02,529.1900024414062,522.4000244140625,2818800
MA,2025-02-03,552.6400146484375,563.9500122070312,3195500
MA,2025-03-03,577.3300170898438,574.9199829101562,3092600
MA,2025-04-01,546.7999877929688,548.510009765625,2714900
MA,2025-05-01,550.0,546.6300048828125,2839900
MA,2025-06-02,580.5,581.219970703125,2089100
META,2020-06-01,224.58999633789062,231.91000366210938,18223800
META,2020-07-01,228.5,237.5500030517578,43399700
META,2020-08-03,252.64999389648438,251.9600067138672,23124900
META,2020-09-01,294.7099914550781,295.44000244140625,17295900
META,2020-10-01,265.3500061035156,266.6300048828125,20009800
META,2020-11-02,264.6000061035156,261.3599853515625,27165700
META,2020-12-01,279.1600036621094,286.54998779296875,20738900
META,2021-01-04,274.7799987792969,268.94000244140625,15106100
META,2021-02-01,259.5199890136719,262.010009765625,22914300
META,2021-03-01,260.82000732421875,264.9100036621094,22157300
META,2021-04-01,298.3999938964844,298.6600036621094,17616000
META,2021-05-03,326.1700134277344,322.5799865722656,18719500
META,2021-06-01,330.1499938964844,329.1300048828125,11765900
META,2021-07-01,346.82000732421875,354.3900146484375,17137000
META,2021-08-02,358.1000061035156,351.95001220703125,13180400
META,2021-09-01,379.5899963378906,382.04998779296875,11567200
META,2021-10-01,341.6099853515625,343.010009765625,14905300
META,2021-11-01,326.0400085449219,329.9800109863281,31518900
META,2021-12-01,330.2900085449219,310.6000061035156,30329600
META,2022-01-03,338.29998779296875,338.5400085449219,14537900
META,2022-02-01,314.55999755859375,319.0,18023800
META,2022-03-01,209.8699951171875,203.49000549316406,27094900
META,2022-04-01,224.5500030517578,224.85000610351562,19544800
META,2022-05-02,201.1699981689453,211.1300048828125,49915300
META,2022-06-01,196.50999450683594,188.63999938964844,36623500
META,2022-07-01,160.30999755859375,160.02999877929688,31423900
META,2022-08-01,157.25,159.92999267578125,40596700
META,2022-09-01,163.5800018310547,165.36000061035156,30145700
META,2022-10-03,137.13999938964844,138.61000061035156,27723100
META,2022-11-01,94.33000183105469,95.19999694824219,110189600
META,2022-12-01,119.19999694824219,120.44000244140625,36551400
META,2023-01-03,122.81999969482422,124.73999786376953,35528500
META,2023-02-01,148.02999877929688,153.1199951171875,55661000
META,2023-03-01,174.58999633789062,173.4199981689453,30998400
META,2023-04-03,208.83999633789062,213.07000732421875,17924600
META,2023-05-01,238.6199951171875,243.17999267578125,29143900
META,2023-06-01,265.8999938964844,272.6099853515625,25609500
META,2023-07-03,286.70001220703125,286.0199890136719,8629300
META,2023-08-01,317.5400085449219,322.7099914550781,22817900
META,2023-09-01,299.3699951171875,296.3800048828125,12842300
META,2023-10-02,302.739990234375,306.82000732421875,16265600
META,2023-11-01,301.8500061035156,311.8500061035156,20434600
META,2023-12-01,325.4800109863281,324.82000732421875,15276400
META,2024-01-02,351.32000732421875,346.2900085449219,19042200
META,2024-02-01,393.94000244140625,394.7799987792969,29727100
META,2024-03-01,492.1099853515625,502.29998779296875,16273600
META,2024-04-01,487.20001220703125,491.3500061035156,9247000
META,2024-05-01,428.6000061035156,439.19000244140625,20344900
META,2024-06-03,470.8599853515625,477.489990234375,11279400
META,2024-07-01,504.95001220703125,504.67999267578125,10328200
META,2024-08-01,521.0,497.739990234375,43083100
META,2024-09-03,519.6400146484375,511.760009765625,12459100
META,2024-10-01,577.97998046875,576.469970703125,15259300
META,2024-11-01,567.6099853515625,567.1599731445312,15303200
META,2024-12-02,577.5,592.8300170898438,12522400
META,2025-01-02,589.719970703125,599.239990234375,12682300
META,2025-02-03,675.9099731445312,697.4600219726562,21415700
META,2025-03-03,673.6799926757812,655.0499877929688,10843800
META,2025-04-01,570.8400268554688,586.0,12836600
META,2025-05-01,592.0800170898438,572.2100219726562,31159000
META,2025-06-02,644.3900146484375,670.9000244140625,15766300
MSFT,2020-06-01,182.5399932861328,182.8300018310547,22622400
MSFT,2020-07-01,203.13999938964844,204.6999969482422,32061200
MSFT,2020-08-03,211.52000427246094,216.5399932861328,78983000
MSFT,2020-09-01,225.50999450683594,227.27000427246094,25725500
MSFT,2020-10-01,213.49000549316406,212.4600067138672,27158400
MSFT,2020-11-02,204.2899932861328,202.3300018310547,30842200
MSFT,2020-12-01,214.50999450683594,216.2100067138672,30904500
MSFT,2021-01-04,222.52999877929688,217.69000244140625,37130100
MSFT,2021-02-01,235.05999755859375,239.64999389648438,33314200
MSFT,2021-03-01,235.89999389648438,236.94000244140625,25324000
MSFT,2021-04-01,238.47000122070312,242.35000610351562,30338000
MSFT,2021-05-03,253.39999389648438,251.86000061035156,19626600
MSFT,2021-06-01,251.22999572753906,247.39999389648438,23213300
MSFT,2021-07-01,269.6099853515625,271.6000061035156,16725300
MSFT,2021-08-02,286.3599853515625,284.82000732421875,16267400
MSFT,2021-09-01,302.8699951171875,301.8299865722656,18983800
MSFT,2021-10-01,282.1199951171875,289.1000061035156,30086300
MSFT,2021-11-01,331.3599853515625,329.3699951171875,27073200
MSFT,2021-12-01,335.1300048828125,330.0799865722656,33337600
MSFT,2022-01-03,335.3500061035156,334.75,28865100
MSFT,2022-02-01,310.4100036621094,308.760009765625,40950400
MSFT,2022-03-01,296.3999938964844,294.95001220703125,31217800
MSFT,2022-04-01,309.3699951171875,309.4200134277344,27110500
MSFT,2022-05-02,277.7099914550781,284.4700012207031,35151100
MSFT,2022-06-01,275.20001220703125,272.4200134277344,25292200
MSFT,2022-07-01,256.3900146484375,259.5799865722656,22837700
MSFT,2022-08-01,277.82000732421875,278.010009765625,21539600
MSFT,2022-09-01,258.8699951171875,260.3999938964844,23263400
MSFT,2022-10-03,235.41000366210938,240.74000549316406,28880400
MSFT,2022-11-01,234.60000610351562,228.1699981689453,30592300
MSFT,2022-12-01,253.8699951171875,254.69000244140625,26041500
MSFT,2023-01-03,243.0800018310547,239.5800018310547,25740000
MSFT,2023-02-01,248.0,252.75,31259900
MSFT,2023-03-01,250.75999450683594,246.27000427246094,27565300
MSFT,2023-04-03,286.5199890136719,287.2300109863281,24883300
MSFT,2023-05-01,306.9700012207031,305.55999755859375,21294100
MSFT,2023-06-01,325.92999267578125,332.5799865722656,26773900
MSFT,2023-07-03,339.19000244140625,337.989990234375,12508700
MSFT,2023-08-01,335.19000244140625,336.3399963378906,18311900
MSFT,2023-09-01,331.30999755859375,328.6600036621094,14942000
MSFT,2023-10-02,316.2799987792969,321.79998779296875,20570000
MSFT,2023-11-01,339.7900085449219,346.07000732421875,28158800
MSFT,2023-12-01,376.760009765625,374.510009765625,33040500
MSFT,2024-01-02,373.8599853515625,370.8699951171875,25258600
MSFT,2024-02-01,401.8299865722656,403.7799987792969,30657700
MSFT,2024-03-01,411.2699890136719,415.5,17823400
MSFT,2024-04-01,423.95001220703125,424.57000732421875,16316000
MSFT,2024-05-01,392.6099853515625,394.94000244140625,23562500
MSFT,2024-06-03,415.5299987792969,413.5199890136719,17484700
MSFT,2024-07-01,448.6600036621094,456.7300109863281,17662800
MSFT,2024-08-01,420.7900085449219,417.1099853515625,30296400
MSFT,2024-09-03,417.9100036621094,409.44000244140625,20313600
MSFT,2024-10-01,428.45001220703125,420.69000244140625,19092900
MSFT,2024-11-01,409.010009765625,410.3699951171875,24230400
MSFT,2024-12-02,421.57000732421875,430.9800109863281,20207200
MSFT,2025-01-02,425.5299987792969,418.5799865722656,16896500
MSFT,2025-02-03,411.6000061035156,410.9200134277344,25679100
MSFT,2025-03-03,398.82000732421875,388.489990234375,23007700
MSFT,2025-04-01,374.6499938964844,382.19000244140625,19689500
MSFT,2025-05-01,431.1099853515625,425.3999938964844,58938100
MSFT,2025-06-02,457.1400146484375,461.9700012207031,16626500
NFLX,2020-06-01,418.8299865722656,425.9200134277344,3743700
NFLX,2020-07-01,454.0,485.6400146484375,9705900
NFLX,2020-08-03,490.8599853515625,498.6199951171875,5873100
NFLX,2020-09-01,532.5999755859375,556.5499877929688,9572700
NFLX,2020-10-01,506.0299987792969,527.510009765625,8153700
NFLX,2020-11-02,478.8699951171875,484.1199951171875,4408200
NFLX,2020-12-01,492.3399963378906,504.5799865722656,5052700
NFLX,2021-01-04,539.0,522.8599853515625,4444400
NFLX,2021-02-01,536.7899780273438,539.0399780273438,3547500
NFLX,2021-03-01,545.5700073242188,550.6400146484375,3041400
NFLX,2021-04-01,529.9299926757812,539.4199829101562,3938600
NFLX,2021-05-03,512.6500244140625,509.1099853515625,4091900
NFLX,2021-06-01,504.010009765625,499.0799865722656,2482600
NFLX,2021-07-01,525.719970703125,533.5399780273438,2805400
NFLX,2021-08-02,519.0,515.1500244140625,2096600
NFLX,2021-09-01,569.0,582.0700073242188,5626200
NFLX,2021-10-01,604.239990234375,613.1500244140625,4090800
NFLX,2021-11-01,689.0599975585938,681.1699829101562,3110900
NFLX,2021-12-01,649.47998046875,617.77001953125,3882800
NFLX,2022-01-03,605.6099853515625,597.3699951171875,3067500
NFLX,2022-02-01,432.9599914550781,457.1300048828125,22568100
NFLX,2022-03-01,391.6000061035156,386.239990234375,3290400
NFLX,2022-04-01,376.79998779296875,373.4700012207031,4644200
NFLX,2022-05-02,191.7100067138672,199.4600067138672,14591600
NFLX,2022-06-01,198.6999969482422,192.91000366210938,8416200
NFLX,2022-07-01,176.49000549316406,179.9499969482422,5201600
NFLX,2022-08-01,223.10000610351562,226.2100067138672,5525000
NFLX,2022-09-01,220.72000122070312,230.0399932861328,7292900
NFLX,2022-10-03,237.85000610351562,239.0399932861328,8657400
NFLX,2022-11-01,296.1700134277344,286.75,6916400
NFLX,2022-12-01,303.989990234375,316.95001220703125,14664900
NFLX,2023-01-03,298.05999755859375,294.95001220703125,6764000
NFLX,2023-02-01,353.8599853515625,361.989990234375,8005200
NFLX,2023-03-01,321.54998779296875,313.4800109863281,4911300
NFLX,2023-04-03,341.8299865722656,348.2799987792969,4413700
NFLX,2023-05-01,329.44000244140625,324.1199951171875,5341500
NFLX,2023-06-01,397.4100036621094,403.1300048828125,7160100
NFLX,2023-07-03,439.760009765625,441.44000244140625,3733200
NFLX,2023-08-01,437.3699951171875,438.6199951171875,5711500
NFLX,2023-09-01,437.7300109863281,439.8800048828125,4793400
NFLX,2023-10-02,377.4800109863281,380.3299865722656,3102100
NFLX,2023-11-01,414.7699890136719,420.19000244140625,4806100
NFLX,2023-12-01,473.1700134277344,465.739990234375,4341500
NFLX,2024-01-02,483.19000244140625,468.5,5049400
NFLX,2024-02-01,567.02001953125,567.510009765625,3174000
NFLX,2024-03-01,599.8099975585938,619.3400268554688,4270300
NFLX,2024-04-01,608.0,614.3099975585938,2115900
NFLX,2024-05-01,547.8400268554688,551.7100219726562,3473200
NFLX,2024-06-03,645.219970703125,633.7899780273438,2323500
NFLX,2024-07-01,674.8900146484375,673.6099853515625,2212800
NFLX,2024-08-01,629.25,624.8499755859375,3720600
NFLX,2024-09-03,700.0999755859375,675.3200073242188,3161000
NFLX,2024-10-01,713.6400146484375,706.1300048828125,2813500
NFLX,2024-11-01,753.47998046875,756.0999755859375,2996800
NFLX,2024-12-02,887.510009765625,897.739990234375,2389000
NFLX,2025-01-02,895.5,886.72998046875,2312300
NFLX,2025-02-03,973.0,978.9400024414062,3724200
NFLX,2025-03-03,983.0,973.7000122070312,3907400
NFLX,2025-04-01,927.5,928.3800048828125,3520000
NFLX,2025-05-01,1122.52001953125,1133.469970703125,3499500
NFLX,2025-06-02,1201.199951171875,1218.97998046875,2294200
NVDA,2020-06-01,8.833250045776367,8.806249618530273,389876000
NVDA,2020-07-01,9.520750045776367,9.529999732971191,326648000
NVDA,2020-08-03,10.732500076293945,11.010250091552734,412720000
NVDA,2020-09-01,13.479999542236328,13.821000099182129,511316000
NVDA,2020-10-01,13.758000373840332,13.614500045776367,525004000
NVDA,2020-11-02,12.657750129699707,12.580750465393066,299652000
NVDA,2020-12-01,13.492250442504883,13.390000343322754,296948000
NVDA,2021-01-04,13.104249954223633,13.113499641418457,560640000
NVDA,2021-02-01,13.053250312805176,13.237000465393066,217204000
NVDA,2021-03-01,13.875,13.841750144958496,353184000
NVDA,2021-04-01,13.572250366210938,13.811750411987305,308276000
NVDA,2021-05-03,15.125,14.836750030517578,203912000
NVDA,2021-06-01,16.270000457763672,16.26449966430664,472804000
NVDA,2021-07-01,20.125,20.211999893188477,480136000
NVDA,2021-08-02,19.700000762939453,19.75,217444000
NVDA,2021-09-01,22.485000610351562,22.44099998474121,201767000
NVDA,2021-10-01,20.75,20.742000579833984,240978000
NVDA,2021-11-01,25.64900016784668,25.82699966430664,265740000
NVDA,2021-12-01,33.21900177001953,31.434999465942383,484368000
NVDA,2022-01-03,29.815000534057617,30.121000289916992,391547000
NVDA,2022-02-01,25.104000091552734,24.63800048828125,518925000
NVDA,2022-03-01,24.291000366210938,23.476999282836914,412056000
NVDA,2022-04-01,27.375,26.711999893188477,517235000
NVDA,2022-05-02,18.541000366210938,19.533000946044922,572049000
NVDA,2022-06-01,18.724000930786133,18.31999969482422,544514000
NVDA,2022-07-01,14.89900016784668,14.52299976348877,577610000
NVDA,2022-08-01,18.18199920654297,18.44099998474121,476469000
NVDA,2022-09-01,14.208999633789062,13.937000274658203,1178865000
NVDA,2022-10-03,12.347000122070312,12.51200008392334,547478000
NVDA,2022-11-01,13.810999870300293,13.543000221252441,432817000
NVDA,2022-12-01,16.999000549316406,17.135000228881836,470977000
NVDA,2023-01-03,14.85099983215332,14.3149995803833,401277000
NVDA,2023-02-01,19.69099998474121,20.94300079345703,660477000
NVDA,2023-03-01,23.191999435424805,22.697999954223633,460026000
NVDA,2023-04-03,27.509000778198242,27.96500015258789,398716000
NVDA,2023-05-01,27.84000015258789,28.90999984741211,570329000
NVDA,2023-06-01,38.48899841308594,39.77000045776367,635873000
NVDA,2023-07-03,42.516998291015625,42.41299819946289,198209000
NVDA,2023-08-01,46.459999084472656,46.50699996948242,237858000
NVDA,2023-09-01,49.762001037597656,48.50899887084961,463830000
NVDA,2023-10-02,44.029998779296875,44.78200149536133,433298000
NVDA,2023-11-01,40.88399887084961,42.32500076293945,437593000
NVDA,2023-12-01,46.525001525878906,46.76499938964844,369317000
NVDA,2024-01-02,49.24399948120117,48.167999267578125,411254000
NVDA,2024-02-01,62.099998474121094,63.027000427246094,369146000
NVDA,2024-03-01,80.0,82.27899932861328,479135000
NVDA,2024-04-01,90.29900360107422,90.36299896240234,452441000
NVDA,2024-05-01,85.0770034790039,83.04100036621094,559863000
NVDA,2024-06-03,113.62100219726562,115.0,438392000
NVDA,2024-07-01,123.47000122070312,124.30000305175781,284885500
NVDA,2024-08-01,117.52999877929688,109.20999908447266,523462300
NVDA,2024-09-03,116.01000213623047,108.0,477155100
NVDA,2024-10-01,121.7699966430664,117.0,302094500
NVDA,2024-11-01,134.6999969482422,135.39999389648438,207127800
NVDA,2024-12-02,138.8300018310547,138.6300048828125,171682800
NVDA,2025-01-02,136.0,138.30999755859375,198247200
NVDA,2025-02-03,114.75,116.66000366210938,371235700
NVDA,2025-03-03,123.51000213623047,114.05999755859375,411381400
NVDA,2025-04-01,108.5199966430664,110.1500015258789,222614000
NVDA,2025-05-01,113.08000183105469,111.61000061035156,236121500
NVDA,2025-06-02,135.49000549316406,137.3800048828125,197663100
PFE,2020-06-01,33.68121337890625,33.64326477050781,76884979
PFE,2020-07-01,32.7703971862793,32.01138687133789,73503009
PFE,2020-08-03,36.63187789916992,36.38520050048828,31036400
PFE,2020-09-01,35.85388946533203,34.99051284790039,36145560
PFE,2020-10-01,35.01897430419922,34.50664138793945,22520396
PFE,2020-11-02,34.08918380737305,34.37381362915039,21430666
PFE,2020-12-01,39.400001525878906,39.40999984741211,72499700
PFE,2021-01-04,36.869998931884766,36.810001373291016,33565700
PFE,2021-02-01,35.93000030517578,35.79999923706055,40395800
PFE,2021-03-01,33.59000015258789,33.689998626708984,30407800
PFE,2021-04-01,36.29999923706055,36.29999923706055,21319900
PFE,2021-05-03,39.040000915527344,39.83000183105469,46638600
PFE,2021-06-01,38.939998626708984,38.5,23642400
PFE,2021-07-01,39.16999816894531,39.560001373291016,20035900
PFE,2021-08-02,43.29999923706055,43.959999084472656,43066900
PFE,2021-09-01,46.189998626708984,46.040000915527344,32900100
PFE,2021-10-01,42.52000045776367,42.93000030517578,38483000
PFE,2021-11-01,44.13999938964844,43.63999938964844,32681500
PFE,2021-12-01,52.470001220703125,54.68000030517578,59810400
PFE,2022-01-03,58.5,56.650001525878906,57219200
PFE,2022-02-01,52.7400016784668,53.06999969482422,27883300
PFE,2022-03-01,46.689998626708984,45.75,29854500
PFE,2022-04-01,52.119998931884766,51.56999969482422,19073100
PFE,2022-05-02,47.68000030517578,48.34000015258789,36228400
PFE,2022-06-01,53.25,52.369998931884766,17430600
PFE,2022-07-01,52.040000915527344,52.310001373291016,16143300
PFE,2022-08-01,50.31999969482422,50.61000061035156,19709900
PFE,2022-09-01,45.13999938964844,46.630001068115234,19947600
PFE,2022-10-03,44.06999969482422,44.13999938964844,22834300
PFE,2022-11-01,48.0,48.0099983215332,30614500
PFE,2022-12-01,50.310001373291016,51.08000183105469,23592600
PFE,2023-01-03,51.0099983215332,51.2599983215332,15603800
PFE,2023-02-01,43.90999984741211,43.970001220703125,24482300
PFE,2023-03-01,40.560001373291016,40.18000030517578,21104400
PFE,2023-04-03,40.689998626708984,41.349998474121094,20817200
PFE,2023-05-01,39.0,39.209999084472656,23917800
PFE,2023-06-01,38.119998931884766,38.02000045776367,20256100
PFE,2023-07-03,36.5,36.650001525878906,14115800
PFE,2023-08-01,35.880001068115234,35.61000061035156,40931600
PFE,2023-09-01,35.63999938964844,35.779998779296875,17522500
PFE,2023-10-02,32.95000076293945,33.939998626708984,44620600
PFE,2023-11-01,30.559999465942383,30.510000228881836,23568300
PFE,2023-12-01,28.969999313354492,28.90999984741211,103624000
PFE,2024-01-02,28.8799991607666,29.729999542236328,57948700
PFE,2024-02-01,27.100000381469727,27.290000915527344,53883000
PFE,2024-03-01,26.829999923706055,26.59000015258789,46392100
PFE,2024-04-01,27.760000228881836,27.719999313354492,26596600
PFE,2024-05-01,26.329999923706055,27.18000030517578,97388900
PFE,2024-06-03,28.65999984741211,29.309999465942383,38177200
PFE,2024-07-01,27.950000762939453,28.219999313354492,26209000
PFE,2024-08-01,30.719999313354492,30.649999618530273,39753100
PFE,2024-09-03,28.649999618530273,28.299999237060547,44499600
PFE,2024-10-01,29.049999237060547,28.670000076293945,30725100
PFE,2024-11-01,28.479999542236328,28.09000015258789,46894600
PFE,2024-12-02,26.06999969482422,25.81999969482422,43866400
PFE,2025-01-02,26.75,26.610000610351562,32899200
PFE,2025-02-03,26.299999237060547,26.200000762939453,49626200
PFE,2025-03-03,26.3700008392334,26.25,54048600
PFE,2025-04-01,25.290000915527344,24.540000915527344,54444200
PFE,2025-05-01,24.299999237060547,23.93000030517578,46891700
PFE,2025-06-02,23.540000915527344,23.459999084472656,30443900
PG,2020-06-01,116.0,117.25,5105600
PG,2020-07-01,119.6500015258789,119.9800033569336,6501200
PG,2020-08-03,130.47000122070312,131.2899932861328,7769400
PG,2020-09-01,137.86000061035156,138.17999267578125,5671800
PG,2020-10-01,139.5800018310547,139.24000549316406,5713400
PG,2020-11-02,138.50999450683594,138.5,6682800
PG,2020-12-01,139.16000366210938,139.3699951171875,7169700
PG,2021-01-04,139.66000366210938,137.82000732421875,8330900
PG,2021-02-01,129.0,128.97000122070312,6534200
PG,2021-03-01,124.16000366210938,124.29000091552734,7740200
PG,2021-04-01,135.0500030517578,134.27999877929688,9117800
PG,2021-05-03,134.02999877929688,135.0,8070300
PG,2021-06-01,135.7899932861328,132.8800048828125,9993900
PG,2021-07-01,135.42999267578125,135.24000549316406,5922300
PG,2021-08-02,141.77000427246094,141.8800048828125,7009500
PG,2021-09-01,142.3300018310547,143.83999633789062,6214200
PG,2021-10-01,139.92999267578125,139.5800018310547,5587200
PG,2021-11-01,143.36000061035156,142.63999938964844,5038900
PG,2021-12-01,144.85000610351562,146.39999389648438,8313500
PG,2022-01-03,161.69000244140625,162.89999389648438,9317300
PG,2022-02-01,160.7899932861328,159.74000549316406,6284100
PG,2022-03-01,154.30999755859375,153.30999755859375,8311900
PG,2022-04-01,153.52000427246094,155.08999633789062,5742600
PG,2022-05-02,161.60000610351562,158.3800048828125,10351600
PG,2022-06-01,148.0,145.63999938964844,7036000
PG,2022-07-01,144.24000549316406,146.11000061035156,5937200
PG,2022-08-01,138.33999633789062,142.89999389648438,12590000
PG,2022-09-01,137.8300018310547,139.63999938964844,7446500
PG,2022-10-03,127.25,128.50999450683594,8477700
PG,2022-11-01,134.6999969482422,134.8800048828125,6428300
PG,2022-12-01,149.52999877929688,149.25,6927400
PG,2023-01-03,150.9499969482422,151.57000732421875,6447300
PG,2023-02-01,142.0800018310547,143.19000244140625,7207900
PG,2023-03-01,138.0500030517578,137.66000366210938,7101800
PG,2023-04-03,148.42999267578125,149.50999450683594,5721700
PG,2023-05-01,156.02999877929688,156.57000732421875,3844600
PG,2023-06-01,143.25,143.9600067138672,6091100
PG,2023-07-03,151.47999572753906,152.5,3996100
PG,2023-08-01,155.8800048828125,156.25,5718800
PG,2023-09-01,154.89999389648438,154.50999450683594,4126300
PG,2023-10-02,144.77999877929688,145.19000244140625,5153800
PG,2023-11-01,150.67999267578125,149.61000061035156,5896900
PG,2023-12-01,153.3300018310547,152.66000366210938,5685400
PG,2024-01-02,146.36000061035156,148.74000549316406,7238400
PG,2024-02-01,156.77000427246094,159.17999267578125,7601100
PG,2024-03-01,158.0500030517578,158.85000610351562,4819800
PG,2024-04-01,161.77999877929688,160.5800018310547,5971900
PG,2024-05-01,163.27999877929688,163.39999389648438,7543000
PG,2024-06-03,163.92999267578125,164.64999389648438,5828400
PG,2024-07-01,165.58999633789062,162.72000122070312,7638600
PG,2024-08-01,160.8800048828125,165.69000244140625,12532700
PG,2024-09-03,171.02999877929688,174.52000427246094,10101400
PG,2024-10-01,173.24000549316406,173.0399932861328,7130600
PG,2024-11-01,165.30999755859375,165.10000610351562,5454800
PG,2024-12-02,179.1199951171875,179.6999969482422,5728200
PG,2025-01-02,168.08999633789062,165.97999572753906,5401700
PG,2025-02-03,165.47000122070312,168.75999450683594,8668600
PG,2025-03-03,173.5800018310547,175.58999633789062,7615300
PG,2025-04-01,170.57000732421875,170.55999755859375,7021100
PG,2025-05-01,160.66000366210938,159.97999572753906,6792800
PG,2025-06-02,169.02000427246094,167.77999877929688,7574400
TSLA,2020-06-01,57.20000076293945,59.87333297729492,224092500
TSLA,2020-07-01,72.19999694824219,74.64199829101562,199903500
TSLA,2020-08-03,96.61333465576172,99.0,132139500
TSLA,2020-09-01,167.3800048828125,158.35000610351562,269523300
TSLA,2020-10-01,146.9199981689453,149.3866729736328,152224500
TSLA,2020-11-02,131.3333282470703,133.50332641601562,87063300
TSLA,2020-12-01,199.19667053222656,194.9199981689453,120310500
TSLA,2021-01-04,239.82000732421875,243.2566680908203,145914600
TSLA,2021-02-01,271.42999267578125,279.9366760253906,76174200
TSLA,2021-03-01,230.0366668701172,239.47666931152344,81408600
TSLA,2021-04-01,229.4566650390625,220.5833282470703,105895200
TSLA,2021-05-03,234.60000610351562,228.3000030517578,81129300
TSLA,2021-06-01,209.26666259765625,207.96665954589844,54254700
TSLA,2021-07-01,227.97332763671875,225.97332763671875,55903500
TSLA,2021-08-02,233.3333282470703,236.55667114257812,100847400
TSLA,2021-09-01,244.69332885742188,244.69667053222656,39612900
TSLA,2021-10-01,259.4666748046875,258.40667724609375,51094200
TSLA,2021-11-01,381.6666564941406,402.86334228515625,168146100
TSLA,2021-12-01,386.8999938964844,365.0,68450400
TSLA,2022-01-03,382.5833435058594,399.9266662597656,103931400
TSLA,2022-02-01,311.7366638183594,310.4166564941406,73138200
TSLA,2022-03-01,289.8933410644531,288.1233215332031,74766900
TSLA,2022-04-01,360.3833312988281,361.5299987792969,54263100
TSLA,2022-05-02,286.92333984375,300.9800109863281,75781500
TSLA,2022-06-01,251.72000122070312,246.7899932861328,77247900
TSLA,2022-07-01,227.0,227.26333618164062,74460300
TSLA,2022-08-01,301.27667236328125,297.27667236328125,117042900
TSLA,2022-09-01,272.5799865722656,277.1600036621094,54287000
TSLA,2022-10-03,254.5,242.39999389648438,98363500
TSLA,2022-11-01,234.0500030517578,227.82000732421875,62688800
TSLA,2022-12-01,197.0800018310547,194.6999969482422,80046200
TSLA,2023-01-03,118.47000122070312,108.0999984741211,231402800
TSLA,2023-02-01,173.88999938964844,181.41000366210938,213806300
TSLA,2023-03-01,206.2100067138672,202.77000427246094,156852800
TSLA,2023-04-03,199.91000366210938,194.77000427246094,169545900
TSLA,2023-05-01,163.1699981689453,161.8300018310547,109015000
TSLA,2023-06-01,202.58999633789062,207.52000427246094,148029900
TSLA,2023-07-03,276.489990234375,279.82000732421875,119685900
TSLA,2023-08-01,266.260009765625,261.07000732421875,83166000
TSLA,2023-09-01,257.260009765625,245.00999450683594,132541600
TSLA,2023-10-02,244.80999755859375,251.60000610351562,123810400
TSLA,2023-11-01,204.0399932861328,205.66000366210938,121661700
TSLA,2023-12-01,233.13999938964844,238.8300018310547,121331700
TSLA,2024-01-02,250.0800018310547,248.4199981689453,104654200
TSLA,2024-02-01,188.5,188.86000061035156,91843300
TSLA,2024-03-01,200.52000427246094,202.63999938964844,82243100
TSLA,2024-04-01,176.1699981689453,175.22000122070312,81562100
TSLA,2024-05-01,182.0,179.99000549316406,92829700
TSLA,2024-06-03,178.1300048828125,176.2899932861328,68568900
TSLA,2024-07-01,201.02000427246094,209.86000061035156,135691400
TSLA,2024-08-01,227.69000244140625,216.86000061035156,83861900
TSLA,2024-09-03,215.25999450683594,210.60000610351562,76714200
TSLA,2024-10-01,262.6700134277344,258.0199890136719,87397600
TSLA,2024-11-01,252.0399932861328,248.97999572753906,57544800
TSLA,2024-12-02,352.3800048828125,357.0899963378906,77986500
TSLA,2025-01-02,390.1000061035156,379.2799987792969,109710700
TSLA,2025-02-03,386.67999267578125,383.67999267578125,93732100
TSLA,2025-03-03,300.3399963378906,284.6499938964844,115551400
TSLA,2025-04-01,263.79998779296875,268.4599914550781,146486900
TSLA,2025-05-01,280.010009765625,280.5199890136719,99659000
TSLA,2025-06-02,343.5,342.69000244140625,81873800
UNH,2020-06-01,304.0199890136719,305.92999267578125,2894000
UNH,2020-07-01,295.8299865722656,297.7300109863281,2303800
UNH,2020-08-03,303.5899963378906,303.6099853515625,2628500
UNH,2020-09-01,310.1600036621094,312.8299865722656,2487100
UNH,2020-10-01,312.9100036621094,313.07000732421875,2731200
UNH,2020-11-02,312.6400146484375,312.1000061035156,4519000
UNH,2020-12-01,344.7699890136719,341.19000244140625,3817700
UNH,2021-01-04,351.45001220703125,349.5,4203800
UNH,2021-02-01,335.0299987792969,334.0,3020200
UNH,2021-03-01,334.3599853515625,334.6499938964844,4198900
UNH,2021-04-01,372.20001220703125,367.07000732421875,2977700
UNH,2021-05-03,401.0,405.8999938964844,2568500
UNH,2021-06-01,413.7300109863281,406.7200012207031,2199600
UNH,2021-07-01,402.0299987792969,404.8900146484375,2678100
UNH,2021-08-02,413.57000732421875,415.57000732421875,1806500
UNH,2021-09-01,416.5400085449219,417.3500061035156,2034400
UNH,2021-10-01,391.6000061035156,392.42999267578125,3146600
UNH,2021-11-01,461.82000732421875,454.1099853515625,2203100
UNH,2021-12-01,452.8900146484375,444.3399963378906,4325500
UNH,2022-01-03,500.0,502.2799987792969,3033600
UNH,2022-02-01,475.0,468.4100036621094,3148600
UNH,2022-03-01,470.8900146484375,476.25,2917600
UNH,2022-04-01,510.67999267578125,512.5900268554688,2344100
UNH,2022-05-02,510.80999755859375,501.1499938964844,3184300
UNH,2022-06-01,498.32000732421875,492.54998779296875,1765900
UNH,2022-07-01,512.3200073242188,517.4000244140625,2426600
UNH,2022-08-01,542.27001953125,535.3800048828125,2335000
UNH,2022-09-01,519.3300170898438,524.0,2085300
UNH,2022-10-03,507.0799865722656,515.510009765625,2562400
UNH,2022-11-01,555.0,547.3099975585938,3338900
UNH,2022-12-01,552.3599853515625,536.9099731445312,2997800
UNH,2023-01-03,525.1300048828125,518.6400146484375,3525600
UNH,2023-02-01,499.95001220703125,497.0,3451200
UNH,2023-03-01,473.6099853515625,475.2200012207031,2996900
UNH,2023-04-03,485.20001220703125,494.19000244140625,4729100
UNH,2023-05-01,494.5899963378906,495.70001220703125,2105600
UNH,2023-06-01,487.7900085449219,493.6300048828125,3376600
UNH,2023-07-03,478.1000061035156,477.8800048828125,1915700
UNH,2023-08-01,507.5,504.739990234375,2161200
UNH,2023-09-01,479.0,476.239990234375,3165900
UNH,2023-10-02,505.5299987792969,514.5700073242188,3550400
UNH,2023-11-01,529.97998046875,531.5999755859375,2747400
UNH,2023-12-01,550.4199829101562,547.1599731445312,3462200
UNH,2024-01-02,526.8400268554688,539.3400268554688,3415700
UNH,2024-02-01,508.8299865722656,507.1400146484375,4242600
UNH,2024-03-01,489.4200134277344,489.5299987792969,7315000
UNH,2024-04-01,494.4700012207031,489.70001220703125,2928700
UNH,2024-05-01,479.260009765625,484.1099853515625,2729200
UNH,2024-06-03,494.1300048828125,497.44000244140625,2795100
UNH,2024-07-01,506.75,494.6499938964844,4523100
UNH,2024-08-01,577.2000122070312,572.77001953125,3680800
UNH,2024-09-03,592.52001953125,598.6799926757812,3175500
UNH,2024-10-01,585.0,583.2999877929688,2648400
UNH,2024-11-01,565.1199951171875,567.5599975585938,2548300
UNH,2024-12-02,614.0,608.52001953125,3364900
UNH,2025-01-02,508.0,504.510009765625,4234900
UNH,2025-02-03,542.0,548.1799926757812,4083600
UNH,2025-03-03,474.3699951171875,467.04998779296875,5700200
UNH,2025-04-01,525.739990234375,523.1199951171875,2962500
UNH,2025-05-01,411.32000732421875,400.67999267578125,9316800
UNH,2025-06-02,303.1199951171875,304.7200012207031,19074400
V,2020-06-01,194.7100067138672,194.35000610351562,6011300
V,2020-07-01,193.85000610351562,193.77999877929688,6394100
V,2020-08-03,191.8000030517578,190.69000244140625,11405200
V,2020-09-01,212.2100067138672,213.35000610351562,5642900
V,2020-10-01,202.2100067138672,203.35000610351562,7234600
V,2020-11-02,184.50999450683594,184.74000549316406,8057100
V,2020-12-01,212.1300048828125,211.1999969482422,8047900
V,2021-01-04,220.25,217.75999450683594,10318300
V,2021-02-01,195.13999938964844,198.36000061035156,12970700
V,2021-03-01,214.97000122070312,216.6300048828125,6982000
V,2021-04-01,213.77999877929688,216.86000061035156,6138400
V,2021-05-03,234.0500030517578,232.61000061035156,8174400
V,2021-06-01,229.44000244140625,226.6300048828125,5091500
V,2021-07-01,234.1999969482422,235.14999389648438,5329600
V,2021-08-02,246.24000549316406,239.77999877929688,9989500
V,2021-09-01,229.10000610351562,230.1199951171875,8177600
V,2021-10-01,224.1699981689453,230.4600067138672,7925400
V,2021-11-01,213.49000549316406,212.4600067138672,13210300
V,2021-12-01,196.02999877929688,190.16000366210938,13204900
V,2022-01-03,217.52000427246094,221.42999267578125,7694500
V,2022-02-01,226.89999389648438,232.36000061035156,12247200
V,2022-03-01,214.47999572753906,208.97000122070312,9317800
V,2022-04-01,223.0800018310547,226.36000061035156,6559600
V,2022-05-02,211.77000427246094,211.52999877929688,8803700
V,2022-06-01,212.0500030517578,209.92999267578125,5246100
V,2022-07-01,196.7899932861328,199.17999267578125,4131800
V,2022-08-01,208.4499969482422,211.36000061035156,8028400
V,2022-09-01,198.72000122070312,200.1300048828125,5608300
V,2022-10-03,179.33999633789062,181.64999389648438,8842300
V,2022-11-01,208.91000366210938,206.92999267578125,5919500
V,2022-12-01,217.0,217.0,11261500
V,2023-01-03,209.27999877929688,207.38999938964844,4202800
V,2023-02-01,229.3699951171875,230.89999389648438,5792700
V,2023-03-01,219.4600067138672,218.36000061035156,4792700
V,2023-04-03,225.22999572753906,229.0,6421500
V,2023-05-01,232.8699951171875,232.50999450683594,4571100
V,2023-06-01,222.72999572753906,226.5,7003600
V,2023-07-03,237.0,237.97000122070312,3087400
V,2023-08-01,237.13999938964844,239.77999877929688,4627300
V,2023-09-01,247.47000122070312,248.11000061035156,4112900
V,2023-10-02,229.24000549316406,231.27000427246094,5175200
V,2023-11-01,236.13999938964844,238.5800018310547,4996200
V,2023-12-01,255.7899932861328,256.45001220703125,3939400
V,2024-01-02,259.6099853515625,258.8699951171875,5471000
V,2024-02-01,273.3900146484375,277.04998779296875,7065000
V,2024-03-01,283.20001220703125,283.1600036621094,3955700
V,2024-04-01,280.3599853515625,278.2799987792969,5084000
V,2024-05-01,268.1499938964844,267.32000732421875,6119900
V,2024-06-03,273.0899963378906,270.3800048828125,4838800
V,2024-07-01,263.7900085449219,263.239990234375,7955800
V,2024-08-01,266.3299865722656,265.92999267578125,7269700
V,2024-09-03,276.3699951171875,278.5400085449219,7278300
V,2024-10-01,276.9700012207031,277.6000061035156,5781600
V,2024-11-01,288.489990234375,290.739990234375,5470700
V,2024-12-02,316.8999938964844,316.6499938964844,5597500
V,2025-01-02,317.7799987792969,314.3999938964844,5369500
V,2025-02-03,340.0,345.82000732421875,8004500
V,2025-03-03,363.0,361.82000732421875,9099600
V,2025-04-01,350.44000244140625,346.3500061035156,7473300
V,2025-05-01,345.5799865722656,342.45001220703125,5849900
V,2025-06-02,362.7699890136719,365.32000732421875,3845700
