Competitor,Category,Source,URL,Notes
Monday.com,Pricing,monday.com pricing,https://monday.com/pricing,
Monday.com,Pricing,monday work management pricing,https://monday.com/work-management/pricing,
Asana,Pricing,Asana pricing,https://asana.com/pricing,
ClickUp,Pricing,ClickUp pricing,https://clickup.com/pricing,
Notion,Pricing,Notion pricing,https://www.notion.so/pricing,
Smartsheet,Pricing,Smartsheet pricing,https://www.smartsheet.com/pricing,
Monday.com,Features,monday Work Management,https://monday.com/work-management,
Asana,Features,Asana features,https://asana.com/features,
Asana,Features,All Asana features (Help),https://help.asana.com/s/article/all-asana-features,
ClickUp,Features,ClickUp features,https://clickup.com/features,
Notion,Features,Notion product overview,https://www.notion.so/product,
Smartsheet,Features,Smartsheet features,https://www.smartsheet.com/platform/features,
Monday.com,Reviews - G2,G2 review,https://www.g2.com/products/monday-crm/reviews/monday-crm-review-11798690,
Monday.com,Reviews - G2,G2 review,https://www.g2.com/products/monday-crm/reviews/monday-crm-review-11761165,
Monday.com,Reviews - G2,G2 review,https://www.g2.com/products/monday-crm/reviews/monday-crm-review-11496256,
Monday.com,Reviews - G2,G2 review,https://www.g2.com/products/monday-crm/reviews/monday-crm-review-11685719,
Monday.com,Reviews - G2,G2 review,https://www.g2.com/products/monday-crm/reviews/monday-crm-review-11496616,
Monday.com,Reviews - Capterra,Capterra review,https://www.capterra.com/p/147657/monday-com/#Capterra___7025685/,
Monday.com,Reviews - Capterra,Capterra review,https://www.capterra.com/p/147657/monday-com/#Capterra___7018466/,
Monday.com,Reviews - Capterra,Capterra review,https://www.capterra.com/p/147657/monday-com/#Capterra___7016364/,
Monday.com,Reviews - Capterra,Capterra review,https://www.capterra.com/p/147657/monday-com/#Capterra___7006070/,
Monday.com,Reviews - Capterra,Capterra review,https://www.capterra.com/p/147657/monday-com/#Capterra___7003472/,
Asana,Reviews - G2,G2 review,https://www.g2.com/products/asana/reviews/asana-review-11771522,
Asana,Reviews - G2,G2 review,https://www.g2.com/products/asana/reviews/asana-review-11744292,
Asana,Reviews - G2,G2 review,https://www.g2.com/products/asana/reviews/asana-review-11731741,
Asana,Reviews - G2,G2 review,https://www.g2.com/products/asana/reviews/asana-review-11789854,
Asana,Reviews - G2,G2 review,https://www.g2.com/products/asana/reviews/asana-review-11521713,
Asana,Reviews - Capterra,Capterra review,https://www.capterra.com/p/184581/Asana-PM/#Capterra___6881362,
Asana,Reviews - Capterra,Capterra review,https://www.capterra.com/p/184581/Asana-PM/#Capterra___7008694,
Asana,Reviews - Capterra,Capterra review,https://www.capterra.com/p/184581/Asana-PM/#Capterra___6887243,
Asana,Reviews - Capterra,Capterra review,https://www.capterra.com/p/184581/Asana-PM/#Capterra___6879867,
Asana,Reviews - Capterra,Capterra review,https://www.capterra.com/p/184581/Asana-PM/#Capterra___6852856,
ClickUp,Reviews - G2,G2 review,https://www.g2.com/products/clickup/reviews/clickup-review-11590890,
ClickUp,Reviews - G2,G2 review,https://www.g2.com/products/clickup/reviews/clickup-review-11794348,
ClickUp,Reviews - G2,G2 review,https://www.g2.com/products/clickup/reviews/clickup-review-11785770,
ClickUp,Reviews - G2,G2 review,https://www.g2.com/products/clickup/reviews/clickup-review-11030999,
ClickUp,Reviews - G2,G2 review,https://www.g2.com/products/clickup/reviews/clickup-review-11146733,
ClickUp,Reviews - Capterra,Capterra review,https://www.capterra.com/p/158833/ClickUp/#Capterra___7003916,
ClickUp,Reviews - Capterra,Capterra review,https://www.capterra.com/p/158833/ClickUp/#Capterra___7008889,
ClickUp,Reviews - Capterra,Capterra review,https://www.capterra.com/p/158833/ClickUp/#Capterra___6879435,
ClickUp,Reviews - Capterra,Capterra review,https://www.capterra.com/p/158833/ClickUp/#Capterra___6880643,
ClickUp,Reviews - Capterra,Capterra review,https://www.capterra.com/p/158833/ClickUp/#Capterra___6864699,
Notion,Reviews - G2,G2 review,https://www.g2.com/products/notion/reviews/notion-review-11803090,
Notion,Reviews - G2,G2 review,https://www.g2.com/products/notion/reviews/notion-review-11800519,
Notion,Reviews - G2,G2 review,https://www.g2.com/products/notion/reviews/notion-review-11788651,
Notion,Reviews - G2,G2 review,https://www.g2.com/products/notion/reviews/notion-review-11662940,
Notion,Reviews - G2,G2 review,https://www.g2.com/products/notion/reviews/notion-review-11532697,
Notion,Reviews - Capterra,Capterra review,https://www.capterra.com/p/186596/Notion/#Capterra___6879588,
Notion,Reviews - Capterra,Capterra review,https://www.capterra.com/p/186596/Notion/#Capterra___7008789,
Notion,Reviews - Capterra,Capterra review,https://www.capterra.com/p/186596/Notion/#Capterra___7007506,
Notion,Reviews - Capterra,Capterra review,https://www.capterra.com/p/186596/Notion/#Capterra___6847289,
Notion,Reviews - Capterra,Capterra review,https://www.capterra.com/p/186596/Notion/#Capterra___7004230,
Smartsheet,Reviews - G2,G2 review,https://www.g2.com/products/smartsheet/reviews/smartsheet-review-11799897,
Smartsheet,Reviews - G2,G2 review,https://www.g2.com/products/smartsheet/reviews/smartsheet-review-11798122,
Smartsheet,Reviews - G2,G2 review,https://www.g2.com/products/smartsheet/reviews/smartsheet-review-11787750,
Smartsheet,Reviews - G2,G2 review,https://www.g2.com/products/smartsheet/reviews/smartsheet-review-11730281,
Smartsheet,Reviews - G2,G2 review,https://www.g2.com/products/smartsheet/reviews/smartsheet-review-10357253,
Smartsheet,Reviews - Capterra,Capterra review,https://www.capterra.com/p/79104/Smartsheet/#Capterra___7002086/,
Smartsheet,Reviews - Capterra,Capterra review,https://www.capterra.com/p/79104/Smartsheet/#Capterra___6882676/,
Smartsheet,Reviews - Capterra,Capterra review,https://www.capterra.com/p/79104/Smartsheet/#Capterra___7024140/,
Smartsheet,Reviews - Capterra,Capterra review,https://www.capterra.com/p/79104/Smartsheet/#Capterra___6882138,
Smartsheet,Reviews - Capterra,Capterra review,https://www.capterra.com/p/79104/Smartsheet/#Capterra___6850473,
Monday.com,Reviews - Reddit,Reddit thread,https://www.reddit.com/r/mondaydotcom/comments/1mhuw2w/gartner_magic_quadrant_gave_monday_crm_a_terrible/,
Monday.com,Reviews - Reddit,Reddit comment permalink,https://www.reddit.com/r/mondaydotcom/comments/1mhuw2w/comment/n6z4z1n/,
Asana,Reviews - Reddit,Reddit thread,https://www.reddit.com/r/Asana/comments/1ldh2yh/is_anyone_actually_paying_for_asana_in_2025_is_it/,
ClickUp,Reviews - Reddit,Reddit thread,https://www.reddit.com/r/clickup/comments/1lfb0x1/trying_to_make_sense_of_clickups_pricing_in/,
Notion,Reviews - Reddit,Reddit thread,https://www.reddit.com/r/Notion/comments/1ldgifr/solving_project_management_challenges_in_notion/,
Smartsheet,Reviews - Reddit,Reddit thread,https://www.reddit.com/r/projectmanagement/comments/1njcluo/switched_from_microsoft_project_or_smartsheet/,
Monday.com,Secondary,Plans and pricing (Support),https://support.monday.com/hc/en-us/articles/4405633151634-Plans-and-pricing-for-monday-com,
Monday.com,Secondary,Available plan types (Work Management),https://support.monday.com/hc/en-us/articles/115005320209-Available-plan-types-on-Work-Management,
Monday.com,Secondary,Blog explainer on pricing and seat minimums,https://monday.com/blog/product/how-much-does-monday-com-cost/,
Asana,Secondary,Subscriptions and pricing,https://help.asana.com/s/article/asana-subscriptions-and-pricing,
Asana,Secondary,Pricing and purchases,https://help.asana.com/s/article/pricing-and-purchases?language=en_US,
Asana,Secondary,AI Studio pricing,https://help.asana.com/s/article/ai-studio-pricing,
ClickUp,Secondary,Intro to pricing (Help Center),https://help.clickup.com/hc/en-us/articles/10129535087383-Intro-to-pricing,
ClickUp,Secondary,Pricing per user role and plan,https://help.clickup.com/hc/en-us/articles/6303244318999-Pricing-per-user-role-and-plan,
Notion,Secondary,Billing & payment info (pricing overview),https://www.notion.so/help/billing-and-payment-info,
Notion,Secondary,2025 pricing changes overview,https://www.notion.com/help/2025-pricing-changes,
Smartsheet,Secondary,Free plan help article,https://help.smartsheet.com/articles/2482687-free-plan,
Smartsheet,Secondary,Community update: Removal of free access (2025),https://community.smartsheet.com/discussion/133956/is-it-true-that-as-of-january-2025-smartsheet-is-removing-all-free-access/p1,
Smartsheet,Secondary,Community update: No edit rights for free users (2025),https://community.smartsheet.com/discussion/135495/upcoming-change-no-edit-rights-for-free-users-in-2025/p1,